asin,product_name,product_url,average_rating,rating_text,total_ratings,total_ratings_text,one_star_percent,two_star_percent,three_star_percent,four_star_percent,five_star_percent,review_html_status
B0DJ1P83SN,"Apple AirTag Tracking Device, 4-Pack (Renewed)",https://www.amazon.com/Apple-AirTag-Tracking-Device-Renewed/dp/B0DJ1P83SN/ref=sr_1_1?dib=eyJ2IjoiMSJ9.xJwNotZb3z4me9uJgD5lXFCieMbHsHtAwR0tp4QazV5nVDjLaxBywYmyNuXFmMTWXQdCFO31ypWh6vCNqQV6fCx5jTkqjBgN7nJWUmXfONHks7bRBsmM1hMZOB_TIYieGoEP_92tBYVTnL19hcvufMuXtnPCHG3Jep5Bumld1TwG6q_JHiWZIGGSW-GORmNdxFutbiHmmXBQKR_e5airdkAB0myKgV9rOoO6IUb6Y8U.102pBjkp4ZVu-IqhmK4e8-vVnEPKQaqZcL39O6e3jcg&dib_tag=se&keywords=Apple+AirTag+%282nd+Generation%29&qid=1791518773&sr=8-1,4.6,4.6 out of 5 stars,502,(502) (502),,,,,,no_local_review_html; live review pages are not requested
B0HJMDYLML,Tracker Tags [Apple MFi Certified] 2 Pack Bluetooth Trackers Works with Apple Find My (iOS Only),https://www.amazon.com/sspa/click?ie=UTF8&spc=MTo2MDI5ODg1NjI3ODcyMTczOjE3OTE1MTg3NzM6c3BfYXRmOjMwMTU3ODQ5ODU0NjAwMjo6MDo6&url=%2FVFGP-Tracker-Certified-Bluetooth-Trackers%2Fdp%2FB0HJMDYLML%2Fref%3Dsr_1_2_sspa%3Fdib%3DeyJ2IjoiMSJ9.xJwNotZb3z4me9uJgD5lXFCieMbHsHtAwR0tp4QazV5nVDjLaxBywYmyNuXFmMTWXQdCFO31ypWh6vCNqQV6fCx5jTkqjBgN7nJWUmXfONHks7bRBsmM1hMZOB_TIYieGoEP_92tBYVTnL19hcvufMuXtnPCHG3Jep5Bumld1TwG6q_JHiWZIGGSW-GORmNdxFutbiHmmXBQKR_e5airdkAB0myKgV9rOoO6IUb6Y8U.102pBjkp4ZVu-IqhmK4e8-vVnEPKQaqZcL39O6e3jcg%26dib_tag%3Dse%26keywords%3DApple%2BAirTag%2B%25282nd%2BGeneration%2529%26qid%3D1791518773%26sr%3D8-2-spons%26sp_csd%3Dd2lkZ2V0TmFtZT1zcF9hdGY%26psc%3D1,,,,,,,,,,no_local_review_html; live review pages are not requested
B0G25Q799S,"Air Tracker Tags-4 Pack (iOS Only), [Apple MFi Certified] Key Finder",https://www.amazon.com/Certified-Tracker-Tukio-Bluetooth-Replaceable/dp/B0G25Q799S/ref=sr_1_3?dib=eyJ2IjoiMSJ9.xJwNotZb3z4me9uJgD5lXFCieMbHsHtAwR0tp4QazV5nVDjLaxBywYmyNuXFmMTWXQdCFO31ypWh6vCNqQV6fCx5jTkqjBgN7nJWUmXfONHks7bRBsmM1hMZOB_TIYieGoEP_92tBYVTnL19hcvufMuXtnPCHG3Jep5Bumld1TwG6q_JHiWZIGGSW-GORmNdxFutbiHmmXBQKR_e5airdkAB0myKgV9rOoO6IUb6Y8U.102pBjkp4ZVu-IqhmK4e8-vVnEPKQaqZcL39O6e3jcg&dib_tag=se&keywords=Apple+AirTag+%282nd+Generation%29&qid=1791518773&sr=8-3,4.1,4.1 out of 5 stars,4596,"(4,596) (4,596)",,,,,,no_local_review_html; live review pages are not requested
B0DSJ4D4CP,2 Pack Tracker Tags Finder Apple Find My MFi Certified Waterproof iOS Only,https://www.amazon.com/Certified-Bluetooth-Waterproof-Worldwide-Tracking/dp/B0DSJ4D4CP/ref=sr_1_4?dib=eyJ2IjoiMSJ9.xJwNotZb3z4me9uJgD5lXFCieMbHsHtAwR0tp4QazV5nVDjLaxBywYmyNuXFmMTWXQdCFO31ypWh6vCNqQV6fCx5jTkqjBgN7nJWUmXfONHks7bRBsmM1hMZOB_TIYieGoEP_92tBYVTnL19hcvufMuXtnPCHG3Jep5Bumld1TwG6q_JHiWZIGGSW-GORmNdxFutbiHmmXBQKR_e5airdkAB0myKgV9rOoO6IUb6Y8U.102pBjkp4ZVu-IqhmK4e8-vVnEPKQaqZcL39O6e3jcg&dib_tag=se&keywords=Apple+AirTag+%282nd+Generation%29&qid=1791518773&sr=8-4,,,,,,,,,,no_local_review_html; live review pages are not requested
B0GVNKGWVZ,2 Pack Bluetooth Tracker Tags Works with Apple Find My(iOS Only) Key Finder,https://www.amazon.com/Bluetooth-Tracker-Works-Apple-Finder/dp/B0GVNKGWVZ/ref=sr_1_5?dib=eyJ2IjoiMSJ9.xJwNotZb3z4me9uJgD5lXFCieMbHsHtAwR0tp4QazV5nVDjLaxBywYmyNuXFmMTWXQdCFO31ypWh6vCNqQV6fCx5jTkqjBgN7nJWUmXfONHks7bRBsmM1hMZOB_TIYieGoEP_92tBYVTnL19hcvufMuXtnPCHG3Jep5Bumld1TwG6q_JHiWZIGGSW-GORmNdxFutbiHmmXBQKR_e5airdkAB0myKgV9rOoO6IUb6Y8U.102pBjkp4ZVu-IqhmK4e8-vVnEPKQaqZcL39O6e3jcg&dib_tag=se&keywords=Apple+AirTag+%282nd+Generation%29&qid=1791518773&sr=8-5,4.6,4.6 out of 5 stars,119,(119) (119),,,,,,no_local_review_html; live review pages are not requested
B0F82HR8QZ,UGREEN FineTrack Air Tracker Tags (iOS Only) 4 Pack Key Finder,https://www.amazon.com/UGREEN-FineTrack-Replaceable-Bluetooth-Compatible/dp/B0F82HR8QZ/ref=sr_1_6?dib=eyJ2IjoiMSJ9.xJwNotZb3z4me9uJgD5lXFCieMbHsHtAwR0tp4QazV5nVDjLaxBywYmyNuXFmMTWXQdCFO31ypWh6vCNqQV6fCx5jTkqjBgN7nJWUmXfONHks7bRBsmM1hMZOB_TIYieGoEP_92tBYVTnL19hcvufMuXtnPCHG3Jep5Bumld1TwG6q_JHiWZIGGSW-GORmNdxFutbiHmmXBQKR_e5airdkAB0myKgV9rOoO6IUb6Y8U.102pBjkp4ZVu-IqhmK4e8-vVnEPKQaqZcL39O6e3jcg&dib_tag=se&keywords=Apple+AirTag+%282nd+Generation%29&qid=1791518773&sr=8-6,4.4,4.4 out of 5 stars,4301,"(4,301) (4,301)",,,,,,no_local_review_html; live review pages are not requested
B0GQHLTBHK,"Life360 Tile - Bluetooth Tracker, Keys Finder and Item Locator for Keys, Bags and More. Phone Finder. Both iOS and Android Compatible. 1-Pack (Slate)",https://www.amazon.com/sspa/click?ie=UTF8&spc=MTo2MDI5ODg1NjI3ODcyMTczOjE3OTE1MTg3NzM6c3BfbXRmOjMwMTM3NjEyMDg0ODQwMjo6MDo6&url=%2FLife360-Tile-Bluetooth-Tracker-Compatible%2Fdp%2FB0GQHLTBHK%2Fref%3Dsr_1_7_sspa%3Fdib%3DeyJ2IjoiMSJ9.xJwNotZb3z4me9uJgD5lXFCieMbHsHtAwR0tp4QazV5nVDjLaxBywYmyNuXFmMTWXQdCFO31ypWh6vCNqQV6fCx5jTkqjBgN7nJWUmXfONHks7bRBsmM1hMZOB_TIYieGoEP_92tBYVTnL19hcvufMuXtnPCHG3Jep5Bumld1TwG6q_JHiWZIGGSW-GORmNdxFutbiHmmXBQKR_e5airdkAB0myKgV9rOoO6IUb6Y8U.102pBjkp4ZVu-IqhmK4e8-vVnEPKQaqZcL39O6e3jcg%26dib_tag%3Dse%26keywords%3DApple%2BAirTag%2B%25282nd%2BGeneration%2529%26qid%3D1791518773%26sr%3D8-7-spons%26sp_csd%3Dd2lkZ2V0TmFtZT1zcF9tdGY%26psc%3D1,4.3,4.3 out of 5 stars,16550,"(16,550) (16,550)",,,,,,no_local_review_html; live review pages are not requested
B0FYPDNVWS,4 Pack Apple MFi Certified Tracker Tags Works with Apple Find My (iOS Only),https://www.amazon.com/Certified-Bluetooth-Waterproof-Worldwide-Replaceable/dp/B0FYPDNVWS/ref=sr_1_8?dib=eyJ2IjoiMSJ9.xJwNotZb3z4me9uJgD5lXFCieMbHsHtAwR0tp4QazV5nVDjLaxBywYmyNuXFmMTWXQdCFO31ypWh6vCNqQV6fCx5jTkqjBgN7nJWUmXfONHks7bRBsmM1hMZOB_TIYieGoEP_92tBYVTnL19hcvufMuXtnPCHG3Jep5Bumld1TwG6q_JHiWZIGGSW-GORmNdxFutbiHmmXBQKR_e5airdkAB0myKgV9rOoO6IUb6Y8U.102pBjkp4ZVu-IqhmK4e8-vVnEPKQaqZcL39O6e3jcg&dib_tag=se&keywords=Apple+AirTag+%282nd+Generation%29&qid=1791518773&sr=8-8,4.4,4.4 out of 5 stars,492,(492) (492),,,,,,no_local_review_html; live review pages are not requested
B0H6HWFT9H,Air Tracker Tags 4Pack Smart Tracker for Keys with Apple Find My (iOS Only),https://www.amazon.com/Tracker-Tags-4Pack-Smart-Apple/dp/B0H6HWFT9H/ref=sr_1_9?dib=eyJ2IjoiMSJ9.xJwNotZb3z4me9uJgD5lXFCieMbHsHtAwR0tp4QazV5nVDjLaxBywYmyNuXFmMTWXQdCFO31ypWh6vCNqQV6fCx5jTkqjBgN7nJWUmXfONHks7bRBsmM1hMZOB_TIYieGoEP_92tBYVTnL19hcvufMuXtnPCHG3Jep5Bumld1TwG6q_JHiWZIGGSW-GORmNdxFutbiHmmXBQKR_e5airdkAB0myKgV9rOoO6IUb6Y8U.102pBjkp4ZVu-IqhmK4e8-vVnEPKQaqZcL39O6e3jcg&dib_tag=se&keywords=Apple+AirTag+%282nd+Generation%29&qid=1791518773&sr=8-9,4.7,4.7 out of 5 stars,304,(304) (304),,,,,,no_local_review_html; live review pages are not requested
B0CGDDXY11,"MOLOSLEEVE 1|2|4 Pack Case for AirTag 2nd Gen (2026) & 1st Gen, Shockproof Holder Anti-Scratch Protective Cover for Air Tags, Men's Women's Keyrings & Keychains for Keys, Luggage, Bags, Black",https://www.amazon.com/MOLOSLEEVE-Keychain-Anti-Scratch-Airtags-Accessories/dp/B0CGDDXY11/ref=sr_1_10?dib=eyJ2IjoiMSJ9.xJwNotZb3z4me9uJgD5lXFCieMbHsHtAwR0tp4QazV5nVDjLaxBywYmyNuXFmMTWXQdCFO31ypWh6vCNqQV6fCx5jTkqjBgN7nJWUmXfONHks7bRBsmM1hMZOB_TIYieGoEP_92tBYVTnL19hcvufMuXtnPCHG3Jep5Bumld1TwG6q_JHiWZIGGSW-GORmNdxFutbiHmmXBQKR_e5airdkAB0myKgV9rOoO6IUb6Y8U.102pBjkp4ZVu-IqhmK4e8-vVnEPKQaqZcL39O6e3jcg&dib_tag=se&keywords=Apple+AirTag+%282nd+Generation%29&qid=1791518773&sr=8-10,4.6,4.6 out of 5 stars,18883,"(18,883) (18,883)",,,,,,no_local_review_html; live review pages are not requested
B096F7NJ62,UNBREAKcable AirTag Holder for Apple - 4 Pack Air Tag Case with Keychain,https://www.amazon.com/UNBREAKcable-Keychain-Lightweight-Protection-Protective/dp/B096F7NJ62/ref=sr_1_11?dib=eyJ2IjoiMSJ9.xJwNotZb3z4me9uJgD5lXFCieMbHsHtAwR0tp4QazV5nVDjLaxBywYmyNuXFmMTWXQdCFO31ypWh6vCNqQV6fCx5jTkqjBgN7nJWUmXfONHks7bRBsmM1hMZOB_TIYieGoEP_92tBYVTnL19hcvufMuXtnPCHG3Jep5Bumld1TwG6q_JHiWZIGGSW-GORmNdxFutbiHmmXBQKR_e5airdkAB0myKgV9rOoO6IUb6Y8U.102pBjkp4ZVu-IqhmK4e8-vVnEPKQaqZcL39O6e3jcg&dib_tag=se&keywords=Apple+AirTag+%282nd+Generation%29&qid=1791518773&sr=8-11,4.6,4.6 out of 5 stars,17183,"(17,183) (17,183)",,,,,,no_local_review_html; live review pages are not requested
B09LCJFLXM,"Belkin Secure Holder with Wire Cable for Apple AirTag, Black",https://www.amazon.com/sspa/click?ie=UTF8&spc=MTo2MDI5ODg1NjI3ODcyMTczOjE3OTE1MTg3NzM6c3BfbXRmOjMwMDQ1NzM1MTE0NjgwMjo6MDo6&url=%2FBelkin-Protective-Scratch-Resistance-Accessory%2Fdp%2FB09LCJFLXM%2Fref%3Dsr_1_12_sspa%3Fdib%3DeyJ2IjoiMSJ9.xJwNotZb3z4me9uJgD5lXFCieMbHsHtAwR0tp4QazV5nVDjLaxBywYmyNuXFmMTWXQdCFO31ypWh6vCNqQV6fCx5jTkqjBgN7nJWUmXfONHks7bRBsmM1hMZOB_TIYieGoEP_92tBYVTnL19hcvufMuXtnPCHG3Jep5Bumld1TwG6q_JHiWZIGGSW-GORmNdxFutbiHmmXBQKR_e5airdkAB0myKgV9rOoO6IUb6Y8U.102pBjkp4ZVu-IqhmK4e8-vVnEPKQaqZcL39O6e3jcg%26dib_tag%3Dse%26keywords%3DApple%2BAirTag%2B%25282nd%2BGeneration%2529%26qid%3D1791518773%26sr%3D8-12-spons%26sp_csd%3Dd2lkZ2V0TmFtZT1zcF9tdGY%26psc%3D1,4.7,4.7 out of 5 stars,4258,"(4,258) (4,258)",,,,,,no_local_review_html; live review pages are not requested
B0H5ND792N,"Air Tracker Tag-2 Pack, Smart Item Tags [Apple MFi Certified]",https://www.amazon.com/Tracker-Tag-2-Smart-Apple-Certified/dp/B0H5ND792N/ref=sr_1_13?dib=eyJ2IjoiMSJ9.xJwNotZb3z4me9uJgD5lXFCieMbHsHtAwR0tp4QazV5nVDjLaxBywYmyNuXFmMTWXQdCFO31ypWh6vCNqQV6fCx5jTkqjBgN7nJWUmXfONHks7bRBsmM1hMZOB_TIYieGoEP_92tBYVTnL19hcvufMuXtnPCHG3Jep5Bumld1TwG6q_JHiWZIGGSW-GORmNdxFutbiHmmXBQKR_e5airdkAB0myKgV9rOoO6IUb6Y8U.102pBjkp4ZVu-IqhmK4e8-vVnEPKQaqZcL39O6e3jcg&dib_tag=se&keywords=Apple+AirTag+%282nd+Generation%29&qid=1791518773&sr=8-13,4.4,4.4 out of 5 stars,2292,"(2,292) (2,292)",,,,,,no_local_review_html; live review pages are not requested
B09468VZ5W,Compatible for AirTag Holder Keychain 4 Pack for Air Tag 1st&2nd Generation,https://www.amazon.com/Compatible-Keychain-Silicone-Protective-Accessories/dp/B09468VZ5W/ref=sr_1_14?dib=eyJ2IjoiMSJ9.xJwNotZb3z4me9uJgD5lXFCieMbHsHtAwR0tp4QazV5nVDjLaxBywYmyNuXFmMTWXQdCFO31ypWh6vCNqQV6fCx5jTkqjBgN7nJWUmXfONHks7bRBsmM1hMZOB_TIYieGoEP_92tBYVTnL19hcvufMuXtnPCHG3Jep5Bumld1TwG6q_JHiWZIGGSW-GORmNdxFutbiHmmXBQKR_e5airdkAB0myKgV9rOoO6IUb6Y8U.102pBjkp4ZVu-IqhmK4e8-vVnEPKQaqZcL39O6e3jcg&dib_tag=se&keywords=Apple+AirTag+%282nd+Generation%29&qid=1791518773&sr=8-14,4.7,4.7 out of 5 stars,26627,"(26,627) (26,627)",,,,,,no_local_review_html; live review pages are not requested
B0DJ9SLR26,Apple AirTag (Renewed),https://www.amazon.com/Apple-AirTag-Renewed/dp/B0DJ9SLR26/ref=sr_1_15?dib=eyJ2IjoiMSJ9.xJwNotZb3z4me9uJgD5lXFCieMbHsHtAwR0tp4QazV5nVDjLaxBywYmyNuXFmMTWXQdCFO31ypWh6vCNqQV6fCx5jTkqjBgN7nJWUmXfONHks7bRBsmM1hMZOB_TIYieGoEP_92tBYVTnL19hcvufMuXtnPCHG3Jep5Bumld1TwG6q_JHiWZIGGSW-GORmNdxFutbiHmmXBQKR_e5airdkAB0myKgV9rOoO6IUb6Y8U.102pBjkp4ZVu-IqhmK4e8-vVnEPKQaqZcL39O6e3jcg&dib_tag=se&keywords=Apple+AirTag+%282nd+Generation%29&qid=1791518773&sr=8-15,4.1,4.1 out of 5 stars,161,(161) (161),,,,,,no_local_review_html; live review pages are not requested
B09GR84SCL,"Belkin Apple AirTag Secure Holder with Key Ring, Durable Scratch Resistant Case With Open Face & Raised Edges, 2 count (Pack of 1)",https://www.amazon.com/Belkin-Protective-Scratch-Resistance-Accessory/dp/B09GR84SCL/ref=sr_1_16?dib=eyJ2IjoiMSJ9.xJwNotZb3z4me9uJgD5lXFCieMbHsHtAwR0tp4QazV5nVDjLaxBywYmyNuXFmMTWXQdCFO31ypWh6vCNqQV6fCx5jTkqjBgN7nJWUmXfONHks7bRBsmM1hMZOB_TIYieGoEP_92tBYVTnL19hcvufMuXtnPCHG3Jep5Bumld1TwG6q_JHiWZIGGSW-GORmNdxFutbiHmmXBQKR_e5airdkAB0myKgV9rOoO6IUb6Y8U.102pBjkp4ZVu-IqhmK4e8-vVnEPKQaqZcL39O6e3jcg&dib_tag=se&keywords=Apple+AirTag+%282nd+Generation%29&qid=1791518773&sr=8-16,4.7,4.7 out of 5 stars,3125,"(3,125) (3,125)",,,,,,no_local_review_html; live review pages are not requested
B0D19NY99V,AirTag Universal Mount - Elevation Lab (4 Pack),https://www.amazon.com/sspa/click?ie=UTF8&spc=MTo2MDI5ODg1NjI3ODcyMTczOjE3OTE1MTg3NzM6c3BfbXRmOjMwMTE3OTc4OTA4MDgwMjo6MDo6&url=%2FElevation-Lab-TagVaultTM-AirTag-Universal%2Fdp%2FB0D19NY99V%2Fref%3Dsr_1_17_sspa%3Fdib%3DeyJ2IjoiMSJ9.xJwNotZb3z4me9uJgD5lXFCieMbHsHtAwR0tp4QazV5nVDjLaxBywYmyNuXFmMTWXQdCFO31ypWh6vCNqQV6fCx5jTkqjBgN7nJWUmXfONHks7bRBsmM1hMZOB_TIYieGoEP_92tBYVTnL19hcvufMuXtnPCHG3Jep5Bumld1TwG6q_JHiWZIGGSW-GORmNdxFutbiHmmXBQKR_e5airdkAB0myKgV9rOoO6IUb6Y8U.102pBjkp4ZVu-IqhmK4e8-vVnEPKQaqZcL39O6e3jcg%26dib_tag%3Dse%26keywords%3DApple%2BAirTag%2B%25282nd%2BGeneration%2529%26qid%3D1791518773%26sr%3D8-17-spons%26sp_csd%3Dd2lkZ2V0TmFtZT1zcF9tdGY%26psc%3D1,4.7,4.7 out of 5 stars,340,(340) (340),,,,,,no_local_review_html; live review pages are not requested
B09GRJK2N6,"Belkin Apple AirTag Secure Holder with Key Ring - Durable Scratch Resistant Case With Open Face & Raised Edges - Protective AirTag Keychain Accessory For Keys, Pets, Luggage, Backpacks -2 Count Black",https://www.amazon.com/Belkin-Protective-Scratch-Resistance-Accessory/dp/B09GRJK2N6/ref=sr_1_18?dib=eyJ2IjoiMSJ9.xJwNotZb3z4me9uJgD5lXFCieMbHsHtAwR0tp4QazV5nVDjLaxBywYmyNuXFmMTWXQdCFO31ypWh6vCNqQV6fCx5jTkqjBgN7nJWUmXfONHks7bRBsmM1hMZOB_TIYieGoEP_92tBYVTnL19hcvufMuXtnPCHG3Jep5Bumld1TwG6q_JHiWZIGGSW-GORmNdxFutbiHmmXBQKR_e5airdkAB0myKgV9rOoO6IUb6Y8U.102pBjkp4ZVu-IqhmK4e8-vVnEPKQaqZcL39O6e3jcg&dib_tag=se&keywords=Apple+AirTag+%282nd+Generation%29&qid=1791518773&sr=8-18,4.7,4.7 out of 5 stars,3546,"(3,546) (3,546)",,,,,,no_local_review_html; live review pages are not requested
B099HLCVTZ,Pelican Protector 4 Pack AirTag Holder - Protective AirTag Case - Black,https://www.amazon.com/Pelican-Protector-Sticker-AirTags-Carabiner/dp/B099HLCVTZ/ref=sr_1_19?dib=eyJ2IjoiMSJ9.xJwNotZb3z4me9uJgD5lXFCieMbHsHtAwR0tp4QazV5nVDjLaxBywYmyNuXFmMTWXQdCFO31ypWh6vCNqQV6fCx5jTkqjBgN7nJWUmXfONHks7bRBsmM1hMZOB_TIYieGoEP_92tBYVTnL19hcvufMuXtnPCHG3Jep5Bumld1TwG6q_JHiWZIGGSW-GORmNdxFutbiHmmXBQKR_e5airdkAB0myKgV9rOoO6IUb6Y8U.102pBjkp4ZVu-IqhmK4e8-vVnEPKQaqZcL39O6e3jcg&dib_tag=se&keywords=Apple+AirTag+%282nd+Generation%29&qid=1791518773&sr=8-19,4.7,4.7 out of 5 stars,2745,"(2,745) (2,745)",,,,,,no_local_review_html; live review pages are not requested
B0BWYG6RM8,"GOCII Compatible with Apple AirTag (1st & 2nd Generation), Ultra Thin AirTag Wallet Holder 2 Pack, Slim AirTag Card Holder Case for Purse, Handbag, Backpack, or Clutch",https://www.amazon.com/Airtag-Wallet-Holder-Handbag-Backpack/dp/B0BWYG6RM8/ref=sr_1_20?dib=eyJ2IjoiMSJ9.xJwNotZb3z4me9uJgD5lXFCieMbHsHtAwR0tp4QazV5nVDjLaxBywYmyNuXFmMTWXQdCFO31ypWh6vCNqQV6fCx5jTkqjBgN7nJWUmXfONHks7bRBsmM1hMZOB_TIYieGoEP_92tBYVTnL19hcvufMuXtnPCHG3Jep5Bumld1TwG6q_JHiWZIGGSW-GORmNdxFutbiHmmXBQKR_e5airdkAB0myKgV9rOoO6IUb6Y8U.102pBjkp4ZVu-IqhmK4e8-vVnEPKQaqZcL39O6e3jcg&dib_tag=se&keywords=Apple+AirTag+%282nd+Generation%29&qid=1791518773&sr=8-20,4.5,4.5 out of 5 stars,4829,"(4,829) (4,829)",,,,,,no_local_review_html; live review pages are not requested
B0F7RFV9PM,"Air Tracker Tags-4 Pack, Bluetooth Tracker Works with Apple Find My APP (iOS Only), Backpack, Suitcases, Replaceable Battery, IP67 Waterproof Tracking Tag (4 Black)",https://www.amazon.com/Bluetooth-Backpack-Suitcases-Replaceable-Waterproof/dp/B0F7RFV9PM/ref=sr_1_17?dib=eyJ2IjoiMSJ9.27CV8priMcOgZQrPbvYEsGv5KUDkR-pB8CCPkT5b3P1Ndclz8gkeEooBe7WsWVVFzi2F0vrBLBPYeF2iKz_P-Y_TPcRG49s1tzFUS7ROrSieMmczwLtaZUUbXei_lyDA5HOPwyc3qQ-OZS_A_8W4mTeZu7_r9efO032NJRfCwNGjcZEUhoukZFEj3oz7Aaj3k_wkXC08Piu3sE0SUeYlG1TNlM_yRH8eb_bmtG8Y-vc.LOy4wmcDe9o-yPhGB3d-TmVr6MmIru0AbnODLKvpQT8&dib_tag=se&keywords=Apple+AirTag+%282nd+Generation%29&qid=1791518776&sr=8-17,4.7,4.7 out of 5 stars,101,(101) (101),,,,,,no_local_review_html; live review pages are not requested
B0GJ9RMHNZ,4 Pack Smart Tracker Tags MFi Certified Item Finder Apple Find My iOS Only,https://www.amazon.com/Certified-Bluetooth-Worldwide-Tracking-Waterproof/dp/B0GJ9RMHNZ/ref=sr_1_18?dib=eyJ2IjoiMSJ9.27CV8priMcOgZQrPbvYEsGv5KUDkR-pB8CCPkT5b3P1Ndclz8gkeEooBe7WsWVVFzi2F0vrBLBPYeF2iKz_P-Y_TPcRG49s1tzFUS7ROrSieMmczwLtaZUUbXei_lyDA5HOPwyc3qQ-OZS_A_8W4mTeZu7_r9efO032NJRfCwNGjcZEUhoukZFEj3oz7Aaj3k_wkXC08Piu3sE0SUeYlG1TNlM_yRH8eb_bmtG8Y-vc.LOy4wmcDe9o-yPhGB3d-TmVr6MmIru0AbnODLKvpQT8&dib_tag=se&keywords=Apple+AirTag+%282nd+Generation%29&qid=1791518776&sr=8-18,4.2,4.2 out of 5 stars,302,(302) (302),,,,,,no_local_review_html; live review pages are not requested
B0F99GD6DQ,"MOLOSLEEVE [4 Pack Case for AirTag 2nd Gen (2026) & 1st Gen, Shockproof Holder Anti-Scratch Protective Cover for Air Tags, Men's Women's Keyrings & Keychains for Keys, Luggage, Bags, Black",https://www.amazon.com/MOLOSLEEVE-Keychain-Shockproof-Anti-Scratch-Accessories/dp/B0F99GD6DQ/ref=sr_1_19?dib=eyJ2IjoiMSJ9.27CV8priMcOgZQrPbvYEsGv5KUDkR-pB8CCPkT5b3P1Ndclz8gkeEooBe7WsWVVFzi2F0vrBLBPYeF2iKz_P-Y_TPcRG49s1tzFUS7ROrSieMmczwLtaZUUbXei_lyDA5HOPwyc3qQ-OZS_A_8W4mTeZu7_r9efO032NJRfCwNGjcZEUhoukZFEj3oz7Aaj3k_wkXC08Piu3sE0SUeYlG1TNlM_yRH8eb_bmtG8Y-vc.LOy4wmcDe9o-yPhGB3d-TmVr6MmIru0AbnODLKvpQT8&dib_tag=se&keywords=Apple+AirTag+%282nd+Generation%29&qid=1791518776&sr=8-19,4.6,4.6 out of 5 stars,18883,"(18,883) (18,883)",,,,,,no_local_review_html; live review pages are not requested
B093333693,"Belkin Apple AirTag Holder Keychain with Key Ring, Scratch-Resistant",https://www.amazon.com/AirTag-Protective-Scratch-Resistance-Accessory/dp/B093333693/ref=sr_1_20?dib=eyJ2IjoiMSJ9.27CV8priMcOgZQrPbvYEsGv5KUDkR-pB8CCPkT5b3P1Ndclz8gkeEooBe7WsWVVFzi2F0vrBLBPYeF2iKz_P-Y_TPcRG49s1tzFUS7ROrSieMmczwLtaZUUbXei_lyDA5HOPwyc3qQ-OZS_A_8W4mTeZu7_r9efO032NJRfCwNGjcZEUhoukZFEj3oz7Aaj3k_wkXC08Piu3sE0SUeYlG1TNlM_yRH8eb_bmtG8Y-vc.LOy4wmcDe9o-yPhGB3d-TmVr6MmIru0AbnODLKvpQT8&dib_tag=se&keywords=Apple+AirTag+%282nd+Generation%29&qid=1791518776&sr=8-20,4.7,4.7 out of 5 stars,36725,"(36,725) (36,725)",,,,,,no_local_review_html; live review pages are not requested
B0F8GNKM87,"Gocii for Airtag Holder with Wire Cable(1st & 2nd Generation), 4 Pack Ultra-Durable Lockable Case for Apple AirTag, Waterproof Keychain Holder for Luggage, Keys, Backpacks, Cars, Bags, and Kids",https://www.amazon.com/Ultra-Durable-Lockable-Waterproof-Keychain-Backpacks/dp/B0F8GNKM87/ref=sr_1_21?dib=eyJ2IjoiMSJ9.27CV8priMcOgZQrPbvYEsGv5KUDkR-pB8CCPkT5b3P1Ndclz8gkeEooBe7WsWVVFzi2F0vrBLBPYeF2iKz_P-Y_TPcRG49s1tzFUS7ROrSieMmczwLtaZUUbXei_lyDA5HOPwyc3qQ-OZS_A_8W4mTeZu7_r9efO032NJRfCwNGjcZEUhoukZFEj3oz7Aaj3k_wkXC08Piu3sE0SUeYlG1TNlM_yRH8eb_bmtG8Y-vc.LOy4wmcDe9o-yPhGB3d-TmVr6MmIru0AbnODLKvpQT8&dib_tag=se&keywords=Apple+AirTag+%282nd+Generation%29&qid=1791518776&sr=8-21,4.6,4.6 out of 5 stars,145,(145) (145),,,,,,no_local_review_html; live review pages are not requested
B0DZBS5ZX7,"UNBREAKcable for AirTag Holder Case with Professional Carabiner, 4 Pack",https://www.amazon.com/UNBREAKcable-AirTag-Holder-Apple-Professional/dp/B0DZBS5ZX7/ref=sr_1_22?dib=eyJ2IjoiMSJ9.27CV8priMcOgZQrPbvYEsGv5KUDkR-pB8CCPkT5b3P1Ndclz8gkeEooBe7WsWVVFzi2F0vrBLBPYeF2iKz_P-Y_TPcRG49s1tzFUS7ROrSieMmczwLtaZUUbXei_lyDA5HOPwyc3qQ-OZS_A_8W4mTeZu7_r9efO032NJRfCwNGjcZEUhoukZFEj3oz7Aaj3k_wkXC08Piu3sE0SUeYlG1TNlM_yRH8eb_bmtG8Y-vc.LOy4wmcDe9o-yPhGB3d-TmVr6MmIru0AbnODLKvpQT8&dib_tag=se&keywords=Apple+AirTag+%282nd+Generation%29&qid=1791518776&sr=8-22,4.4,4.4 out of 5 stars,1722,"(1,722) (1,722)",,,,,,no_local_review_html; live review pages are not requested
B0GCDQF6N6,for AirTag Holder 2nd /1st Gen-4 Pack for Apple Air Tagholder Keychain,https://www.amazon.com/AirTag-Holder-Gen-4-Tagholder-Keychain/dp/B0GCDQF6N6/ref=sr_1_23?dib=eyJ2IjoiMSJ9.27CV8priMcOgZQrPbvYEsGv5KUDkR-pB8CCPkT5b3P1Ndclz8gkeEooBe7WsWVVFzi2F0vrBLBPYeF2iKz_P-Y_TPcRG49s1tzFUS7ROrSieMmczwLtaZUUbXei_lyDA5HOPwyc3qQ-OZS_A_8W4mTeZu7_r9efO032NJRfCwNGjcZEUhoukZFEj3oz7Aaj3k_wkXC08Piu3sE0SUeYlG1TNlM_yRH8eb_bmtG8Y-vc.LOy4wmcDe9o-yPhGB3d-TmVr6MmIru0AbnODLKvpQT8&dib_tag=se&keywords=Apple+AirTag+%282nd+Generation%29&qid=1791518776&sr=8-23,4.4,4.4 out of 5 stars,574,(574) (574),,,,,,no_local_review_html; live review pages are not requested
B0D6G7PG8M,"4 Pack Waterproof AirTag Holder for AirTag 1st & 2nd Generation,AirTag Keychain with Secure Lock,AirTags Case Cover for Apple AirTag Accessories for GPS Item Finder Tracker Luggage, Bag,Key,Pet,Black",https://www.amazon.com/Waterproof-Keychain-Anti-Lost-Protective-Accessories/dp/B0D6G7PG8M/ref=sr_1_24?dib=eyJ2IjoiMSJ9.27CV8priMcOgZQrPbvYEsGv5KUDkR-pB8CCPkT5b3P1Ndclz8gkeEooBe7WsWVVFzi2F0vrBLBPYeF2iKz_P-Y_TPcRG49s1tzFUS7ROrSieMmczwLtaZUUbXei_lyDA5HOPwyc3qQ-OZS_A_8W4mTeZu7_r9efO032NJRfCwNGjcZEUhoukZFEj3oz7Aaj3k_wkXC08Piu3sE0SUeYlG1TNlM_yRH8eb_bmtG8Y-vc.LOy4wmcDe9o-yPhGB3d-TmVr6MmIru0AbnODLKvpQT8&dib_tag=se&keywords=Apple+AirTag+%282nd+Generation%29&qid=1791518776&sr=8-24,4.7,4.7 out of 5 stars,930,(930) (930),,,,,,no_local_review_html; live review pages are not requested
B0CQXC6WS5,1|2|4Pack for Apple AirTag Holder with Keychain for Air Tag 2nd/1st Gen,https://www.amazon.com/Holder-Keychain-Cases-Anti-Scratch-Silicone/dp/B0CQXC6WS5/ref=sr_1_25?dib=eyJ2IjoiMSJ9.27CV8priMcOgZQrPbvYEsGv5KUDkR-pB8CCPkT5b3P1Ndclz8gkeEooBe7WsWVVFzi2F0vrBLBPYeF2iKz_P-Y_TPcRG49s1tzFUS7ROrSieMmczwLtaZUUbXei_lyDA5HOPwyc3qQ-OZS_A_8W4mTeZu7_r9efO032NJRfCwNGjcZEUhoukZFEj3oz7Aaj3k_wkXC08Piu3sE0SUeYlG1TNlM_yRH8eb_bmtG8Y-vc.LOy4wmcDe9o-yPhGB3d-TmVr6MmIru0AbnODLKvpQT8&dib_tag=se&keywords=Apple+AirTag+%282nd+Generation%29&qid=1791518776&sr=8-25,4.6,4.6 out of 5 stars,6378,"(6,378) (6,378)",,,,,,no_local_review_html; live review pages are not requested
B0GVYPXJG3,"Air Tag for Android, Air Tags-4 Pack Work Compatible with Apple Find My",https://www.amazon.com/Android-Tags-4-Pack-Compatible-Apple/dp/B0GVYPXJG3/ref=sr_1_26?dib=eyJ2IjoiMSJ9.27CV8priMcOgZQrPbvYEsGv5KUDkR-pB8CCPkT5b3P1Ndclz8gkeEooBe7WsWVVFzi2F0vrBLBPYeF2iKz_P-Y_TPcRG49s1tzFUS7ROrSieMmczwLtaZUUbXei_lyDA5HOPwyc3qQ-OZS_A_8W4mTeZu7_r9efO032NJRfCwNGjcZEUhoukZFEj3oz7Aaj3k_wkXC08Piu3sE0SUeYlG1TNlM_yRH8eb_bmtG8Y-vc.LOy4wmcDe9o-yPhGB3d-TmVr6MmIru0AbnODLKvpQT8&dib_tag=se&keywords=Apple+AirTag+%282nd+Generation%29&qid=1791518776&sr=8-26,5.0,5.0 out of 5 stars,22,(22) (22),,,,,,no_local_review_html; live review pages are not requested
B0GR9V697S,Tracker Tags-4 Pack MFi Certified for Apple Find My iOS Only Air Key Finder,https://www.amazon.com/Tracker-Tags-4-Certified-Apple-Finder/dp/B0GR9V697S/ref=sr_1_27?dib=eyJ2IjoiMSJ9.27CV8priMcOgZQrPbvYEsGv5KUDkR-pB8CCPkT5b3P1Ndclz8gkeEooBe7WsWVVFzi2F0vrBLBPYeF2iKz_P-Y_TPcRG49s1tzFUS7ROrSieMmczwLtaZUUbXei_lyDA5HOPwyc3qQ-OZS_A_8W4mTeZu7_r9efO032NJRfCwNGjcZEUhoukZFEj3oz7Aaj3k_wkXC08Piu3sE0SUeYlG1TNlM_yRH8eb_bmtG8Y-vc.LOy4wmcDe9o-yPhGB3d-TmVr6MmIru0AbnODLKvpQT8&dib_tag=se&keywords=Apple+AirTag+%282nd+Generation%29&qid=1791518776&sr=8-27,4.2,4.2 out of 5 stars,48,(48) (48),,,,,,no_local_review_html; live review pages are not requested
B09MQ72DT6,"Belkin Apple AirTag Secure Holder with Carabiner - Durable Scratch Resistant Case With Open Face & Raised Edges - Protective AirTag Keychain Accessory For Keys, Pets, Luggage & More - Black",https://www.amazon.com/Carabiner-Protective-Scratch-Resistance-Accessory/dp/B09MQ72DT6/ref=sr_1_28?dib=eyJ2IjoiMSJ9.27CV8priMcOgZQrPbvYEsGv5KUDkR-pB8CCPkT5b3P1Ndclz8gkeEooBe7WsWVVFzi2F0vrBLBPYeF2iKz_P-Y_TPcRG49s1tzFUS7ROrSieMmczwLtaZUUbXei_lyDA5HOPwyc3qQ-OZS_A_8W4mTeZu7_r9efO032NJRfCwNGjcZEUhoukZFEj3oz7Aaj3k_wkXC08Piu3sE0SUeYlG1TNlM_yRH8eb_bmtG8Y-vc.LOy4wmcDe9o-yPhGB3d-TmVr6MmIru0AbnODLKvpQT8&dib_tag=se&keywords=Apple+AirTag+%282nd+Generation%29&qid=1791518776&sr=8-28,4.6,4.6 out of 5 stars,2364,"(2,364) (2,364)",,,,,,no_local_review_html; live review pages are not requested
B0H5VY6XLF,"TPU Case for AirTag 2nd & 1st Gen, Keychain Holder, Pink",https://www.amazon.com/CMETTA-Case-AirTag-Keychain-Holder/dp/B0H5VY6XLF/ref=sr_1_29?dib=eyJ2IjoiMSJ9.27CV8priMcOgZQrPbvYEsGv5KUDkR-pB8CCPkT5b3P1Ndclz8gkeEooBe7WsWVVFzi2F0vrBLBPYeF2iKz_P-Y_TPcRG49s1tzFUS7ROrSieMmczwLtaZUUbXei_lyDA5HOPwyc3qQ-OZS_A_8W4mTeZu7_r9efO032NJRfCwNGjcZEUhoukZFEj3oz7Aaj3k_wkXC08Piu3sE0SUeYlG1TNlM_yRH8eb_bmtG8Y-vc.LOy4wmcDe9o-yPhGB3d-TmVr6MmIru0AbnODLKvpQT8&dib_tag=se&keywords=Apple+AirTag+%282nd+Generation%29&qid=1791518776&sr=8-29,4.8,4.8 out of 5 stars,33,(33) (33),,,,,,no_local_review_html; live review pages are not requested
B0CHHZW2VK,"GOCII for Airtag Dog Collar Holder 2 Pack,Waterproof Dog Collar Holder for Apple AirTag(Gen 1 & 2),Silicone Air Tags Case for Dog Collars(Black)",https://www.amazon.com/Airtag-Collar-Waterproof-Silicone-Collars/dp/B0CHHZW2VK/ref=sr_1_30?dib=eyJ2IjoiMSJ9.27CV8priMcOgZQrPbvYEsGv5KUDkR-pB8CCPkT5b3P1Ndclz8gkeEooBe7WsWVVFzi2F0vrBLBPYeF2iKz_P-Y_TPcRG49s1tzFUS7ROrSieMmczwLtaZUUbXei_lyDA5HOPwyc3qQ-OZS_A_8W4mTeZu7_r9efO032NJRfCwNGjcZEUhoukZFEj3oz7Aaj3k_wkXC08Piu3sE0SUeYlG1TNlM_yRH8eb_bmtG8Y-vc.LOy4wmcDe9o-yPhGB3d-TmVr6MmIru0AbnODLKvpQT8&dib_tag=se&keywords=Apple+AirTag+%282nd+Generation%29&qid=1791518776&sr=8-30,4.6,4.6 out of 5 stars,3712,"(3,712) (3,712)",,,,,,no_local_review_html; live review pages are not requested
B0G8ZMR5QZ,4 Pack Tracker Tags Item Finder for Apple Find My MFi Certified iOS Only,https://www.amazon.com/Certified-Bluetooth-Waterproof-Replaceable-Worldwide/dp/B0G8ZMR5QZ/ref=sr_1_31?dib=eyJ2IjoiMSJ9.27CV8priMcOgZQrPbvYEsGv5KUDkR-pB8CCPkT5b3P1Ndclz8gkeEooBe7WsWVVFzi2F0vrBLBPYeF2iKz_P-Y_TPcRG49s1tzFUS7ROrSieMmczwLtaZUUbXei_lyDA5HOPwyc3qQ-OZS_A_8W4mTeZu7_r9efO032NJRfCwNGjcZEUhoukZFEj3oz7Aaj3k_wkXC08Piu3sE0SUeYlG1TNlM_yRH8eb_bmtG8Y-vc.LOy4wmcDe9o-yPhGB3d-TmVr6MmIru0AbnODLKvpQT8&dib_tag=se&keywords=Apple+AirTag+%282nd+Generation%29&qid=1791518776&sr=8-31,4.4,4.4 out of 5 stars,549,(549) (549),,,,,,no_local_review_html; live review pages are not requested
B0GJTXVN9Z,"Apple AirTag (2nd Generation) - 4 Pack: Tracker for Keychain, Wallet, and More; Locator with Sound; Simple One-Tap Setup with iPhone or iPad; Key Finder with up to 1.5X Precision Finding Range*",https://www.amazon.com/Apple-AirTag-2nd-Generation-Precision/dp/B0GJTXVN9Z/ref=sr_1_32?dib=eyJ2IjoiMSJ9.27CV8priMcOgZQrPbvYEsGv5KUDkR-pB8CCPkT5b3P1Ndclz8gkeEooBe7WsWVVFzi2F0vrBLBPYeF2iKz_P-Y_TPcRG49s1tzFUS7ROrSieMmczwLtaZUUbXei_lyDA5HOPwyc3qQ-OZS_A_8W4mTeZu7_r9efO032NJRfCwNGjcZEUhoukZFEj3oz7Aaj3k_wkXC08Piu3sE0SUeYlG1TNlM_yRH8eb_bmtG8Y-vc.LOy4wmcDe9o-yPhGB3d-TmVr6MmIru0AbnODLKvpQT8&dib_tag=se&keywords=Apple+AirTag+%282nd+Generation%29&qid=1791518776&sr=8-32,4.6,4.6 out of 5 stars,11667,"(11,667)",,,,,,no_local_review_html; live review pages are not requested
B0HJMKN37D,Tracker Tags [Apple MFi Certified] 4 Pack Bluetooth Trackers Works with Apple Find My (iOS Only),https://www.amazon.com/sspa/click?ie=UTF8&spc=MTo4OTE1MTM1NjI5ODU5OTQxOjE3OTE1MTg3Nzk6c3BfYXRmX25leHQ6MzAxNTc4ODA4MjAxMDAyOjowOjo&url=%2FVFGP-Tracker-Certified-Bluetooth-Trackers%2Fdp%2FB0HJMKN37D%2Fref%3Dsr_1_34_sspa%3Fdib%3DeyJ2IjoiMSJ9.FBay3mFqEwXYzA8KQW_O6zPTYLebbL5zbWPo4Hdqmwunp7bpPMHlQxoqryy_48vYCTD90HrCSUXOKlwYUxdzYNJZCVxrOFhUjUUWMvxxt95NzDhN6roEVgmY1-voI4tHBBvgttpfxNoWmt-5g0RAjYIQFTOhNnbfpY8hiZFySlC6wMapOery9MnGevaoTkHbP9y9Xj1epPS_uDbc8NgQDqG9DKYWHFQaoIS6I0iRizs.uxskIclhe2SWXxqfHwiVfaX5eZdZBd3n4uvmY5kfSNs%26dib_tag%3Dse%26keywords%3DApple%2BAirTag%2B%25282nd%2BGeneration%2529%26qid%3D1791518779%26sr%3D8-34-spons%26sp_csd%3Dd2lkZ2V0TmFtZT1zcF9hdGZfbmV4dA%26psc%3D1,,,,,,,,,,no_local_review_html; live review pages are not requested
B0DQWDRS42,"4 Pack Tagginnc Magnetic Case for AirTag – Ultra Strong Magnet & Discreet Hexagonal Nut Design with Non-Slip Base, Waterproof & Shatterproof, Compatible with Apple AirTag Gen 1st&2nd",https://www.amazon.com/Pack-Tagginnc-AirTag-Magnetic-Case/dp/B0DQWDRS42/ref=sr_1_35?dib=eyJ2IjoiMSJ9.FBay3mFqEwXYzA8KQW_O6zPTYLebbL5zbWPo4Hdqmwunp7bpPMHlQxoqryy_48vYCTD90HrCSUXOKlwYUxdzYNJZCVxrOFhUjUUWMvxxt95NzDhN6roEVgmY1-voI4tHBBvgttpfxNoWmt-5g0RAjYIQFTOhNnbfpY8hiZFySlC6wMapOery9MnGevaoTkHbP9y9Xj1epPS_uDbc8NgQDqG9DKYWHFQaoIS6I0iRizs.uxskIclhe2SWXxqfHwiVfaX5eZdZBd3n4uvmY5kfSNs&dib_tag=se&keywords=Apple+AirTag+%282nd+Generation%29&qid=1791518779&sr=8-35,4.7,4.7 out of 5 stars,735,(735) (735),,,,,,no_local_review_html; live review pages are not requested
B0FMY556GK,"Air Tracker Tags-4 Pack for Apple Find My, iOS Only, Official MFi Certified",https://www.amazon.com/Official-Certified-Bluetooth-Tracking-Backpack/dp/B0FMY556GK/ref=sr_1_36?dib=eyJ2IjoiMSJ9.FBay3mFqEwXYzA8KQW_O6zPTYLebbL5zbWPo4Hdqmwunp7bpPMHlQxoqryy_48vYCTD90HrCSUXOKlwYUxdzYNJZCVxrOFhUjUUWMvxxt95NzDhN6roEVgmY1-voI4tHBBvgttpfxNoWmt-5g0RAjYIQFTOhNnbfpY8hiZFySlC6wMapOery9MnGevaoTkHbP9y9Xj1epPS_uDbc8NgQDqG9DKYWHFQaoIS6I0iRizs.uxskIclhe2SWXxqfHwiVfaX5eZdZBd3n4uvmY5kfSNs&dib_tag=se&keywords=Apple+AirTag+%282nd+Generation%29&qid=1791518779&sr=8-36,4.1,4.1 out of 5 stars,445,(445) (445),,,,,,no_local_review_html; live review pages are not requested
B0HHCNKZNJ,"MOLOSLEEVE Waterproof Holder for AirTag 2nd & 1st Generation, Multicolor",https://www.amazon.com/MOLOSLEEVE-Waterproof-Holder-Generation-Multicolor/dp/B0HHCNKZNJ/ref=sr_1_38?dib=eyJ2IjoiMSJ9.FBay3mFqEwXYzA8KQW_O6zPTYLebbL5zbWPo4Hdqmwunp7bpPMHlQxoqryy_48vYCTD90HrCSUXOKlwYUxdzYNJZCVxrOFhUjUUWMvxxt95NzDhN6roEVgmY1-voI4tHBBvgttpfxNoWmt-5g0RAjYIQFTOhNnbfpY8hiZFySlC6wMapOery9MnGevaoTkHbP9y9Xj1epPS_uDbc8NgQDqG9DKYWHFQaoIS6I0iRizs.uxskIclhe2SWXxqfHwiVfaX5eZdZBd3n4uvmY5kfSNs&dib_tag=se&keywords=Apple+AirTag+%282nd+Generation%29&qid=1791518779&sr=8-38,4.6,4.6 out of 5 stars,157,(157) (157),,,,,,no_local_review_html; live review pages are not requested
B0F23HS8KR,for AirTag Holder (1st & 2nd Generation) Airtag Lock Case with Wire Cable,https://www.amazon.com/AirTag-Holder-Generation-Airtag-Cable/dp/B0F23HS8KR/ref=sr_1_39?dib=eyJ2IjoiMSJ9.FBay3mFqEwXYzA8KQW_O6zPTYLebbL5zbWPo4Hdqmwunp7bpPMHlQxoqryy_48vYCTD90HrCSUXOKlwYUxdzYNJZCVxrOFhUjUUWMvxxt95NzDhN6roEVgmY1-voI4tHBBvgttpfxNoWmt-5g0RAjYIQFTOhNnbfpY8hiZFySlC6wMapOery9MnGevaoTkHbP9y9Xj1epPS_uDbc8NgQDqG9DKYWHFQaoIS6I0iRizs.uxskIclhe2SWXxqfHwiVfaX5eZdZBd3n4uvmY5kfSNs&dib_tag=se&keywords=Apple+AirTag+%282nd+Generation%29&qid=1791518779&sr=8-39,4.7,4.7 out of 5 stars,795,(795) (795),,,,,,no_local_review_html; live review pages are not requested
B0FZ9TZLDP,"AirTag Holder 4 Pack,IPX8 Waterproof with Steel Cable Lock",https://www.amazon.com/IPX8-Waterproof-AirTag-Holder-Generation/dp/B0FZ9TZLDP/ref=sr_1_40?dib=eyJ2IjoiMSJ9.FBay3mFqEwXYzA8KQW_O6zPTYLebbL5zbWPo4Hdqmwunp7bpPMHlQxoqryy_48vYCTD90HrCSUXOKlwYUxdzYNJZCVxrOFhUjUUWMvxxt95NzDhN6roEVgmY1-voI4tHBBvgttpfxNoWmt-5g0RAjYIQFTOhNnbfpY8hiZFySlC6wMapOery9MnGevaoTkHbP9y9Xj1epPS_uDbc8NgQDqG9DKYWHFQaoIS6I0iRizs.uxskIclhe2SWXxqfHwiVfaX5eZdZBd3n4uvmY5kfSNs&dib_tag=se&keywords=Apple+AirTag+%282nd+Generation%29&qid=1791518779&sr=8-40,4.6,4.6 out of 5 stars,625,(625) (625),,,,,,no_local_review_html; live review pages are not requested
B0CDVVM5LG,"1|2|4 Pack IPX8 Waterproof Case for AirTag (2nd & 1st Gen), Full Body Holder Keychain, Anti-Scratch Cover for Apple Air Tags, Luggage, Pet Collar, Car Keys, Kids, Clear Pink",https://www.amazon.com/Foweroty-Waterproof-Keychain-Anti-Scratch-Protective/dp/B0CDVVM5LG/ref=sr_1_41?dib=eyJ2IjoiMSJ9.FBay3mFqEwXYzA8KQW_O6zPTYLebbL5zbWPo4Hdqmwunp7bpPMHlQxoqryy_48vYCTD90HrCSUXOKlwYUxdzYNJZCVxrOFhUjUUWMvxxt95NzDhN6roEVgmY1-voI4tHBBvgttpfxNoWmt-5g0RAjYIQFTOhNnbfpY8hiZFySlC6wMapOery9MnGevaoTkHbP9y9Xj1epPS_uDbc8NgQDqG9DKYWHFQaoIS6I0iRizs.uxskIclhe2SWXxqfHwiVfaX5eZdZBd3n4uvmY5kfSNs&dib_tag=se&keywords=Apple+AirTag+%282nd+Generation%29&qid=1791518779&sr=8-41,4.5,4.5 out of 5 stars,2561,"(2,561) (2,561)",,,,,,no_local_review_html; live review pages are not requested
B0FM7N6YY2,"MOLOSLEEVE Case for AirTag 2nd Gen (2026) & 1st Gen, Shockproof Holder Anti-Scratch Protective Cover for Air Tags, Men's Women's Keyrings & Keychains for Keys, Luggage, Bags, Pine Green",https://www.amazon.com/MOLOSLEEVE-Shockproof-Anti-Scratch-Protective-Accessories/dp/B0FM7N6YY2/ref=sr_1_42?dib=eyJ2IjoiMSJ9.FBay3mFqEwXYzA8KQW_O6zPTYLebbL5zbWPo4Hdqmwunp7bpPMHlQxoqryy_48vYCTD90HrCSUXOKlwYUxdzYNJZCVxrOFhUjUUWMvxxt95NzDhN6roEVgmY1-voI4tHBBvgttpfxNoWmt-5g0RAjYIQFTOhNnbfpY8hiZFySlC6wMapOery9MnGevaoTkHbP9y9Xj1epPS_uDbc8NgQDqG9DKYWHFQaoIS6I0iRizs.uxskIclhe2SWXxqfHwiVfaX5eZdZBd3n4uvmY5kfSNs&dib_tag=se&keywords=Apple+AirTag+%282nd+Generation%29&qid=1791518779&sr=8-42,4.6,4.6 out of 5 stars,18883,"(18,883) (18,883)",,,,,,no_local_review_html; live review pages are not requested
B0F8HC2ZSY,"for AirTag Holder 2 Pack(1st & 2nd Generation),Ultra-Durable Apple AirTag Keychain Case with Carabiner,Waterproof AirTag Holder for Luggage,Keys,Backpack,Car,Bags,Kids(Black&White)",https://www.amazon.com/Ultra-Durable-Keychain-Carabiner-Waterproof-Backpack/dp/B0F8HC2ZSY/ref=sr_1_43?dib=eyJ2IjoiMSJ9.FBay3mFqEwXYzA8KQW_O6zPTYLebbL5zbWPo4Hdqmwunp7bpPMHlQxoqryy_48vYCTD90HrCSUXOKlwYUxdzYNJZCVxrOFhUjUUWMvxxt95NzDhN6roEVgmY1-voI4tHBBvgttpfxNoWmt-5g0RAjYIQFTOhNnbfpY8hiZFySlC6wMapOery9MnGevaoTkHbP9y9Xj1epPS_uDbc8NgQDqG9DKYWHFQaoIS6I0iRizs.uxskIclhe2SWXxqfHwiVfaX5eZdZBd3n4uvmY5kfSNs&dib_tag=se&keywords=Apple+AirTag+%282nd+Generation%29&qid=1791518779&sr=8-43,4.3,4.3 out of 5 stars,141,(141) (141),,,,,,no_local_review_html; live review pages are not requested
B0G4R1DHV4,"Air Tracker Tags-4 Pack: Smart Bluetooth Tracker, Item Finder Works with Apple Find My (iOS Only) App, Trakcer Tag Locator for Keys, Luggage, Satchel, weTag mini. (Not for Android Devices)",https://www.amazon.com/Air-Tracker-Tags-4-Pack-Bluetooth/dp/B0G4R1DHV4/ref=sr_1_44?dib=eyJ2IjoiMSJ9.FBay3mFqEwXYzA8KQW_O6zPTYLebbL5zbWPo4Hdqmwunp7bpPMHlQxoqryy_48vYCTD90HrCSUXOKlwYUxdzYNJZCVxrOFhUjUUWMvxxt95NzDhN6roEVgmY1-voI4tHBBvgttpfxNoWmt-5g0RAjYIQFTOhNnbfpY8hiZFySlC6wMapOery9MnGevaoTkHbP9y9Xj1epPS_uDbc8NgQDqG9DKYWHFQaoIS6I0iRizs.uxskIclhe2SWXxqfHwiVfaX5eZdZBd3n4uvmY5kfSNs&dib_tag=se&keywords=Apple+AirTag+%282nd+Generation%29&qid=1791518779&sr=8-44,4.1,4.1 out of 5 stars,1151,"(1,151) (1,151)",,,,,,no_local_review_html; live review pages are not requested
B0HB9B76YX,"for Airtag Wallet Holder 2 Pack [1st & 2nd Generation] Ultra Thin (0.1"") Card Case for Purse, Handbag, Backpack Wallet, Clutch, for Airtag Holder for Women & Men - Blue",https://www.amazon.com/Airtag-Wallet-Generation-Handbag-Backpack/dp/B0HB9B76YX/ref=sr_1_45?dib=eyJ2IjoiMSJ9.FBay3mFqEwXYzA8KQW_O6zPTYLebbL5zbWPo4Hdqmwunp7bpPMHlQxoqryy_48vYCTD90HrCSUXOKlwYUxdzYNJZCVxrOFhUjUUWMvxxt95NzDhN6roEVgmY1-voI4tHBBvgttpfxNoWmt-5g0RAjYIQFTOhNnbfpY8hiZFySlC6wMapOery9MnGevaoTkHbP9y9Xj1epPS_uDbc8NgQDqG9DKYWHFQaoIS6I0iRizs.uxskIclhe2SWXxqfHwiVfaX5eZdZBd3n4uvmY5kfSNs&dib_tag=se&keywords=Apple+AirTag+%282nd+Generation%29&qid=1791518779&sr=8-45,4.6,4.6 out of 5 stars,6028,"(6,028) (6,028)",,,,,,no_local_review_html; live review pages are not requested
B0GXF74QCG,Full Grain Leather AirTag Holder Keychain for Apple AirTag (Burgundy),https://www.amazon.com/Leather-AirTag-Holder-Keychain-Burgundy/dp/B0GXF74QCG/ref=sr_1_46?dib=eyJ2IjoiMSJ9.FBay3mFqEwXYzA8KQW_O6zPTYLebbL5zbWPo4Hdqmwunp7bpPMHlQxoqryy_48vYCTD90HrCSUXOKlwYUxdzYNJZCVxrOFhUjUUWMvxxt95NzDhN6roEVgmY1-voI4tHBBvgttpfxNoWmt-5g0RAjYIQFTOhNnbfpY8hiZFySlC6wMapOery9MnGevaoTkHbP9y9Xj1epPS_uDbc8NgQDqG9DKYWHFQaoIS6I0iRizs.uxskIclhe2SWXxqfHwiVfaX5eZdZBd3n4uvmY5kfSNs&dib_tag=se&keywords=Apple+AirTag+%282nd+Generation%29&qid=1791518779&sr=8-46,4.9,4.9 out of 5 stars,40,(40) (40),,,,,,no_local_review_html; live review pages are not requested
B0CXT9ZK55,"for AirTag Holder Keychain,Air Tag-4 Pack Holder Case Airtags 1st/2nd Gen",https://www.amazon.com/AirTag-Holder-Keychain-Tag-4-Airtags/dp/B0CXT9ZK55/ref=sr_1_47?dib=eyJ2IjoiMSJ9.FBay3mFqEwXYzA8KQW_O6zPTYLebbL5zbWPo4Hdqmwunp7bpPMHlQxoqryy_48vYCTD90HrCSUXOKlwYUxdzYNJZCVxrOFhUjUUWMvxxt95NzDhN6roEVgmY1-voI4tHBBvgttpfxNoWmt-5g0RAjYIQFTOhNnbfpY8hiZFySlC6wMapOery9MnGevaoTkHbP9y9Xj1epPS_uDbc8NgQDqG9DKYWHFQaoIS6I0iRizs.uxskIclhe2SWXxqfHwiVfaX5eZdZBd3n4uvmY5kfSNs&dib_tag=se&keywords=Apple+AirTag+%282nd+Generation%29&qid=1791518779&sr=8-47,4.7,4.7 out of 5 stars,2461,"(2,461) (2,461)",,,,,,no_local_review_html; live review pages are not requested
B0FBWDZH2M,UGREEN FineTrack (iOS Only) Air Tracker Tags 4 Pack,https://www.amazon.com/UGREEN-FineTrack-Rechargeable-Bluetooth-Compatible/dp/B0FBWDZH2M/ref=sr_1_48?dib=eyJ2IjoiMSJ9.FBay3mFqEwXYzA8KQW_O6zPTYLebbL5zbWPo4Hdqmwunp7bpPMHlQxoqryy_48vYCTD90HrCSUXOKlwYUxdzYNJZCVxrOFhUjUUWMvxxt95NzDhN6roEVgmY1-voI4tHBBvgttpfxNoWmt-5g0RAjYIQFTOhNnbfpY8hiZFySlC6wMapOery9MnGevaoTkHbP9y9Xj1epPS_uDbc8NgQDqG9DKYWHFQaoIS6I0iRizs.uxskIclhe2SWXxqfHwiVfaX5eZdZBd3n4uvmY5kfSNs&dib_tag=se&keywords=Apple+AirTag+%282nd+Generation%29&qid=1791518779&sr=8-48,4.4,4.4 out of 5 stars,1773,"(1,773) (1,773)",,,,,,no_local_review_html; live review pages are not requested
