asin,product_name,average_rating,total_ratings,5_star_percentage,4_star_percentage,3_star_percentage,2_star_percentage,1_star_percentage,product_url,source_file,fetch_status,review_cards_found
B093333693,"Belkin Apple AirTag Holder Keychain with Key Ring, Scratch-Resistant",4.7,36725,84.0,10.0,3.0,1.0,2.0,https://www.amazon.com/dp/B093333693,product_B093333693.html,loaded_13_review_cards,13
B09468VZ5W,Compatible for AirTag Holder Keychain 4 Pack for Air Tag 1st&2nd Generation,4.7,26627,82.0,11.0,4.0,1.0,2.0,https://www.amazon.com/dp/B09468VZ5W,product_B09468VZ5W.html,loaded_13_review_cards,13
B096F7NJ62,UNBREAKcable AirTag Holder for Apple - 4 Pack Air Tag Case with Keychain,4.6,17183,81.0,10.0,5.0,1.0,3.0,https://www.amazon.com/dp/B096F7NJ62,product_B096F7NJ62.html,loaded_13_review_cards,13
B099HLCVTZ,Pelican Protector 4 Pack AirTag Holder - Protective AirTag Case - Black,4.7,2745,82.0,12.0,4.0,1.0,1.0,https://www.amazon.com/dp/B099HLCVTZ,product_B099HLCVTZ.html,loaded_13_review_cards,13
B09GR84SCL,"Belkin Apple AirTag Secure Holder with Key Ring, Durable Scratch Resistant Case With Open Face & Raised Edges, 2 count (Pack of 1)",4.7,3125,85.0,10.0,3.0,1.0,1.0,https://www.amazon.com/dp/B09GR84SCL,product_B09GR84SCL.html,loaded_13_review_cards,13
B09GRJK2N6,"Belkin Apple AirTag Secure Holder with Key Ring - Durable Scratch Resistant Case With Open Face & Raised Edges - Protective AirTag Keychain Accessory For Keys, Pets, Luggage, Backpacks -2 Count Black",4.7,3546,85.0,9.0,3.0,1.0,2.0,https://www.amazon.com/dp/B09GRJK2N6,product_B09GRJK2N6.html,loaded_13_review_cards,13
B09LCJFLXM,"Belkin Secure Holder with Wire Cable for Apple AirTag, Black",4.7,4258,85.0,9.0,3.0,1.0,2.0,https://www.amazon.com/dp/B09LCJFLXM,product_B09LCJFLXM.html,loaded_13_review_cards,13
B09MQ72DT6,"Belkin Apple AirTag Secure Holder with Carabiner - Durable Scratch Resistant Case With Open Face & Raised Edges - Protective AirTag Keychain Accessory For Keys, Pets, Luggage & More - Black",4.6,2364,80.0,10.0,5.0,2.0,3.0,https://www.amazon.com/dp/B09MQ72DT6,product_B09MQ72DT6.html,loaded_13_review_cards,13
B0BWYG6RM8,"GOCII Compatible with Apple AirTag (1st & 2nd Generation), Ultra Thin AirTag Wallet Holder 2 Pack, Slim AirTag Card Holder Case for Purse, Handbag, Backpack, or Clutch",4.5,4829,78.0,11.0,5.0,2.0,4.0,https://www.amazon.com/dp/B0BWYG6RM8,product_B0BWYG6RM8.html,loaded_13_review_cards,13
B0CDVVM5LG,"1|2|4 Pack IPX8 Waterproof Case for AirTag (2nd & 1st Gen), Full Body Holder Keychain, Anti-Scratch Cover for Apple Air Tags, Luggage, Pet Collar, Car Keys, Kids, Clear Pink",4.5,2561,78.0,9.0,5.0,2.0,6.0,https://www.amazon.com/dp/B0CDVVM5LG,product_B0CDVVM5LG.html,loaded_8_review_cards,8
B0CGDDXY11,"MOLOSLEEVE 1|2|4 Pack Case for AirTag 2nd Gen (2026) & 1st Gen, Shockproof Holder Anti-Scratch Protective Cover for Air Tags, Men's Women's Keyrings & Keychains for Keys, Luggage, Bags, Black",4.6,18883,81.0,10.0,4.0,1.0,4.0,https://www.amazon.com/dp/B0CGDDXY11,product_B0CGDDXY11.html,loaded_13_review_cards,13
B0CHHZW2VK,"GOCII for Airtag Dog Collar Holder 2 Pack,Waterproof Dog Collar Holder for Apple AirTag(Gen 1 & 2),Silicone Air Tags Case for Dog Collars(Black)",4.6,3712,81.0,11.0,4.0,2.0,2.0,https://www.amazon.com/dp/B0CHHZW2VK,product_B0CHHZW2VK.html,loaded_13_review_cards,13
B0CQXC6WS5,1|2|4Pack for Apple AirTag Holder with Keychain for Air Tag 2nd/1st Gen,4.6,6378,79.0,10.0,5.0,1.0,5.0,https://www.amazon.com/dp/B0CQXC6WS5,product_B0CQXC6WS5.html,loaded_8_review_cards,8
B0CXT9ZK55,"for AirTag Holder Keychain,Air Tag-4 Pack Holder Case Airtags 1st/2nd Gen",4.7,2461,83.0,10.0,3.0,1.0,3.0,https://www.amazon.com/dp/B0CXT9ZK55,product_B0CXT9ZK55.html,loaded_13_review_cards,13
B0D19NY99V,AirTag Universal Mount - Elevation Lab (4 Pack),4.7,340,86.0,10.0,1.0,,3.0,https://www.amazon.com/dp/B0D19NY99V,product_B0D19NY99V.html,loaded_10_review_cards,10
B0D6G7PG8M,"4 Pack Waterproof AirTag Holder for AirTag 1st & 2nd Generation,AirTag Keychain with Secure Lock,AirTags Case Cover for Apple AirTag Accessories for GPS Item Finder Tracker Luggage, Bag,Key,Pet,Black",4.7,930,85.0,8.0,5.0,1.0,1.0,https://www.amazon.com/dp/B0D6G7PG8M,product_B0D6G7PG8M.html,loaded_8_review_cards,8
B0DJ1P83SN,"Apple AirTag Tracking Device, 4-Pack (Renewed)",4.6,502,82.0,7.0,5.0,1.0,5.0,https://www.amazon.com/dp/B0DJ1P83SN,product_B0DJ1P83SN.html,loaded_13_review_cards,13
B0DJ9SLR26,Apple AirTag (Renewed),4.1,161,70.0,7.0,3.0,3.0,17.0,https://www.amazon.com/dp/B0DJ9SLR26,product_B0DJ9SLR26.html,loaded_8_review_cards,8
B0DQWDRS42,"4 Pack Tagginnc Magnetic Case for AirTag – Ultra Strong Magnet & Discreet Hexagonal Nut Design with Non-Slip Base, Waterproof & Shatterproof, Compatible with Apple AirTag Gen 1st&2nd",4.7,735,85.0,7.0,4.0,1.0,3.0,https://www.amazon.com/dp/B0DQWDRS42,product_B0DQWDRS42.html,loaded_8_review_cards,8
B0DSJ4D4CP,2 Pack Tracker Tags Finder Apple Find My MFi Certified Waterproof iOS Only,,,,,,,,https://www.amazon.com/dp/B0DSJ4D4CP,product_B0DSJ4D4CP.html,loaded_0_review_cards,0
B0DZBS5ZX7,"UNBREAKcable for AirTag Holder Case with Professional Carabiner, 4 Pack",4.4,1722,74.0,10.0,5.0,2.0,9.0,https://www.amazon.com/dp/B0DZBS5ZX7,product_B0DZBS5ZX7.html,loaded_13_review_cards,13
B0F23HS8KR,for AirTag Holder (1st & 2nd Generation) Airtag Lock Case with Wire Cable,4.7,795,82.0,9.0,5.0,2.0,2.0,https://www.amazon.com/dp/B0F23HS8KR,product_B0F23HS8KR.html,loaded_13_review_cards,13
B0F7RFV9PM,"Air Tracker Tags-4 Pack, Bluetooth Tracker Works with Apple Find My APP (iOS Only), Backpack, Suitcases, Replaceable Battery, IP67 Waterproof Tracking Tag (4 Black)",4.7,101,88.0,7.0,,,5.0,https://www.amazon.com/dp/B0F7RFV9PM,product_B0F7RFV9PM.html,loaded_8_review_cards,8
B0F82HR8QZ,UGREEN FineTrack Air Tracker Tags (iOS Only) 4 Pack Key Finder,4.4,4301,74.0,11.0,5.0,3.0,7.0,https://www.amazon.com/dp/B0F82HR8QZ,product_B0F82HR8QZ.html,loaded_13_review_cards,13
B0F8GNKM87,"Gocii for Airtag Holder with Wire Cable(1st & 2nd Generation), 4 Pack Ultra-Durable Lockable Case for Apple AirTag, Waterproof Keychain Holder for Luggage, Keys, Backpacks, Cars, Bags, and Kids",4.6,145,79.0,13.0,6.0,,2.0,https://www.amazon.com/dp/B0F8GNKM87,product_B0F8GNKM87.html,loaded_8_review_cards,8
B0F8HC2ZSY,"for AirTag Holder 2 Pack(1st & 2nd Generation),Ultra-Durable Apple AirTag Keychain Case with Carabiner,Waterproof AirTag Holder for Luggage,Keys,Backpack,Car,Bags,Kids(Black&White)",4.3,141,72.0,7.0,8.0,6.0,7.0,https://www.amazon.com/dp/B0F8HC2ZSY,product_B0F8HC2ZSY.html,loaded_8_review_cards,8
B0F99GD6DQ,"MOLOSLEEVE [4 Pack Case for AirTag 2nd Gen (2026) & 1st Gen, Shockproof Holder Anti-Scratch Protective Cover for Air Tags, Men's Women's Keyrings & Keychains for Keys, Luggage, Bags, Black",4.6,18883,81.0,10.0,4.0,1.0,4.0,https://www.amazon.com/dp/B0F99GD6DQ,product_B0F99GD6DQ.html,loaded_13_review_cards,13
B0FBWDZH2M,UGREEN FineTrack (iOS Only) Air Tracker Tags 4 Pack,4.4,1773,74.0,8.0,7.0,3.0,8.0,https://www.amazon.com/dp/B0FBWDZH2M,product_B0FBWDZH2M.html,loaded_13_review_cards,13
B0FM7N6YY2,"MOLOSLEEVE Case for AirTag 2nd Gen (2026) & 1st Gen, Shockproof Holder Anti-Scratch Protective Cover for Air Tags, Men's Women's Keyrings & Keychains for Keys, Luggage, Bags, Pine Green",4.6,18883,81.0,10.0,4.0,1.0,4.0,https://www.amazon.com/dp/B0FM7N6YY2,product_B0FM7N6YY2.html,loaded_13_review_cards,13
B0FMY556GK,"Air Tracker Tags-4 Pack for Apple Find My, iOS Only, Official MFi Certified",4.1,445,67.0,10.0,4.0,5.0,14.0,https://www.amazon.com/dp/B0FMY556GK,product_B0FMY556GK.html,loaded_13_review_cards,13
B0FYPDNVWS,4 Pack Apple MFi Certified Tracker Tags Works with Apple Find My (iOS Only),4.4,492,79.0,7.0,2.0,3.0,9.0,https://www.amazon.com/dp/B0FYPDNVWS,product_B0FYPDNVWS.html,loaded_8_review_cards,8
B0FZ9TZLDP,"AirTag Holder 4 Pack,IPX8 Waterproof with Steel Cable Lock",4.6,625,79.0,12.0,6.0,2.0,1.0,https://www.amazon.com/dp/B0FZ9TZLDP,product_B0FZ9TZLDP.html,loaded_13_review_cards,13
B0G25Q799S,"Air Tracker Tags-4 Pack (iOS Only), [Apple MFi Certified] Key Finder",4.1,4596,65.0,11.0,6.0,4.0,14.0,https://www.amazon.com/dp/B0G25Q799S,product_B0G25Q799S.html,loaded_13_review_cards,13
B0G4R1DHV4,"Air Tracker Tags-4 Pack: Smart Bluetooth Tracker, Item Finder Works with Apple Find My (iOS Only) App, Trakcer Tag Locator for Keys, Luggage, Satchel, weTag mini. (Not for Android Devices)",4.1,1151,63.0,14.0,7.0,5.0,11.0,https://www.amazon.com/dp/B0G4R1DHV4,product_B0G4R1DHV4.html,loaded_13_review_cards,13
B0G8ZMR5QZ,4 Pack Tracker Tags Item Finder for Apple Find My MFi Certified iOS Only,4.4,549,79.0,9.0,2.0,1.0,9.0,https://www.amazon.com/dp/B0G8ZMR5QZ,product_B0G8ZMR5QZ.html,loaded_8_review_cards,8
B0GCDQF6N6,for AirTag Holder 2nd /1st Gen-4 Pack for Apple Air Tagholder Keychain,4.4,574,76.0,8.0,9.0,2.0,5.0,https://www.amazon.com/dp/B0GCDQF6N6,product_B0GCDQF6N6.html,loaded_9_review_cards,9
B0GJ9RMHNZ,4 Pack Smart Tracker Tags MFi Certified Item Finder Apple Find My iOS Only,4.2,302,71.0,8.0,4.0,4.0,13.0,https://www.amazon.com/dp/B0GJ9RMHNZ,product_B0GJ9RMHNZ.html,loaded_8_review_cards,8
B0GJTXVN9Z,"Apple AirTag (2nd Generation) - 4 Pack: Tracker for Keychain, Wallet, and More; Locator with Sound; Simple One-Tap Setup with iPhone or iPad; Key Finder with up to 1.5X Precision Finding Range*",4.6,11667,83.0,6.0,3.0,1.0,7.0,https://www.amazon.com/dp/B0GJTXVN9Z,product_B0GJTXVN9Z.html,loaded_8_review_cards,8
B0GQHLTBHK,"Life360 Tile - Bluetooth Tracker, Keys Finder and Item Locator for Keys, Bags and More. Phone Finder. Both iOS and Android Compatible. 1-Pack (Slate)",4.3,16550,72.0,9.0,5.0,4.0,10.0,https://www.amazon.com/dp/B0GQHLTBHK,product_B0GQHLTBHK.html,loaded_13_review_cards,13
B0GR9V697S,Tracker Tags-4 Pack MFi Certified for Apple Find My iOS Only Air Key Finder,4.2,48,72.0,9.0,5.0,,14.0,https://www.amazon.com/dp/B0GR9V697S,product_B0GR9V697S.html,loaded_8_review_cards,8
B0GVNKGWVZ,2 Pack Bluetooth Tracker Tags Works with Apple Find My(iOS Only) Key Finder,4.6,119,87.0,6.0,1.0,,6.0,https://www.amazon.com/dp/B0GVNKGWVZ,product_B0GVNKGWVZ.html,loaded_8_review_cards,8
B0GVYPXJG3,"Air Tag for Android, Air Tags-4 Pack Work Compatible with Apple Find My",5.0,22,100.0,,,,,https://www.amazon.com/dp/B0GVYPXJG3,product_B0GVYPXJG3.html,loaded_8_review_cards,8
B0GXF74QCG,Full Grain Leather AirTag Holder Keychain for Apple AirTag (Burgundy),4.9,40,94.0,6.0,,,,https://www.amazon.com/dp/B0GXF74QCG,product_B0GXF74QCG.html,loaded_8_review_cards,8
B0H5ND792N,"Air Tracker Tag-2 Pack, Smart Item Tags [Apple MFi Certified]",4.4,2292,75.0,11.0,4.0,3.0,7.0,https://www.amazon.com/dp/B0H5ND792N,product_B0H5ND792N.html,loaded_13_review_cards,13
B0H5VY6XLF,"TPU Case for AirTag 2nd & 1st Gen, Keychain Holder, Pink",4.8,33,85.0,15.0,,,,https://www.amazon.com/dp/B0H5VY6XLF,product_B0H5VY6XLF.html,loaded_8_review_cards,8
B0H6HWFT9H,Air Tracker Tags 4Pack Smart Tracker for Keys with Apple Find My (iOS Only),4.7,304,89.0,3.0,1.0,2.0,5.0,https://www.amazon.com/dp/B0H6HWFT9H,product_B0H6HWFT9H.html,loaded_8_review_cards,8
B0HB9B76YX,"for Airtag Wallet Holder 2 Pack [1st & 2nd Generation] Ultra Thin (0.1"") Card Case for Purse, Handbag, Backpack Wallet, Clutch, for Airtag Holder for Women & Men - Blue",4.6,6028,78.0,13.0,6.0,1.0,2.0,https://www.amazon.com/dp/B0HB9B76YX,product_B0HB9B76YX.html,loaded_13_review_cards,13
B0HHCNKZNJ,"MOLOSLEEVE Waterproof Holder for AirTag 2nd & 1st Generation, Multicolor",4.6,157,82.0,8.0,4.0,1.0,5.0,https://www.amazon.com/dp/B0HHCNKZNJ,product_B0HHCNKZNJ.html,loaded_10_review_cards,10
B0HJMDYLML,Tracker Tags [Apple MFi Certified] 2 Pack Bluetooth Trackers Works with Apple Find My (iOS Only),,,,,,,,https://www.amazon.com/dp/B0HJMDYLML,product_B0HJMDYLML.html,loaded_0_review_cards,0
B0HJMKN37D,Tracker Tags [Apple MFi Certified] 4 Pack Bluetooth Trackers Works with Apple Find My (iOS Only),,,,,,,,https://www.amazon.com/dp/B0HJMKN37D,product_B0HJMKN37D.html,loaded_0_review_cards,0
