asin,product_name,average_rating,total_ratings,5_star_percentage,4_star_percentage,3_star_percentage,2_star_percentage,1_star_percentage,source_file
B093333693,"Belkin Apple AirTag Holder Keychain with Key Ring, Scratch-Resistant",4.7,,84.0,10.0,3.0,1.0,2.0,product_B093333693.html
B09468VZ5W,Compatible for AirTag Holder Keychain 4 Pack for Air Tag 1st&2nd Generation,4.7,,82.0,11.0,4.0,1.0,2.0,product_B09468VZ5W.html
B096F7NJ62,UNBREAKcable AirTag Holder for Apple - 4 Pack Air Tag Case with Keychain,4.6,,81.0,10.0,5.0,1.0,3.0,product_B096F7NJ62.html
B099HLCVTZ,Pelican Protector 4 Pack AirTag Holder - Protective AirTag Case - Black,4.7,,82.0,12.0,4.0,1.0,1.0,product_B099HLCVTZ.html
B09GR84SCL,"Belkin Apple AirTag Secure Holder with Key Ring, Durable Scratch Resistant Case With Open Face & Raised Edges, 2 count (Pack of 1)",4.7,,85.0,10.0,3.0,1.0,1.0,product_B09GR84SCL.html
B09GRJK2N6,"Belkin Apple AirTag Secure Holder with Key Ring - Durable Scratch Resistant Case With Open Face & Raised Edges - Protective AirTag Keychain Accessory For Keys, Pets, Luggage, Backpacks -2 Count Black",4.7,,85.0,9.0,3.0,1.0,2.0,product_B09GRJK2N6.html
B09LCJFLXM,"Belkin Secure Holder with Wire Cable for Apple AirTag, Black",4.7,,85.0,9.0,3.0,1.0,2.0,product_B09LCJFLXM.html
B09MQ72DT6,"Belkin Apple AirTag Secure Holder with Carabiner - Durable Scratch Resistant Case With Open Face & Raised Edges - Protective AirTag Keychain Accessory For Keys, Pets, Luggage & More - Black",4.6,,80.0,10.0,5.0,2.0,3.0,product_B09MQ72DT6.html
B0BWYG6RM8,"GOCII Compatible with Apple AirTag (1st & 2nd Generation), Ultra Thin AirTag Wallet Holder 2 Pack, Slim AirTag Card Holder Case for Purse, Handbag, Backpack, or Clutch",4.5,,78.0,11.0,5.0,2.0,4.0,product_B0BWYG6RM8.html
B0CDVVM5LG,"1|2|4 Pack IPX8 Waterproof Case for AirTag (2nd & 1st Gen), Full Body Holder Keychain, Anti-Scratch Cover for Apple Air Tags, Luggage, Pet Collar, Car Keys, Kids, Clear Pink",4.5,,78.0,9.0,5.0,2.0,6.0,product_B0CDVVM5LG.html
B0CGDDXY11,"MOLOSLEEVE 1|2|4 Pack Case for AirTag 2nd Gen (2026) & 1st Gen, Shockproof Holder Anti-Scratch Protective Cover for Air Tags, Men's Women's Keyrings & Keychains for Keys, Luggage, Bags, Black",4.6,,81.0,10.0,4.0,1.0,4.0,product_B0CGDDXY11.html
B0CHHZW2VK,"GOCII for Airtag Dog Collar Holder 2 Pack,Waterproof Dog Collar Holder for Apple AirTag(Gen 1 & 2),Silicone Air Tags Case for Dog Collars(Black)",4.6,,81.0,11.0,4.0,2.0,2.0,product_B0CHHZW2VK.html
B0CQXC6WS5,1|2|4Pack for Apple AirTag Holder with Keychain for Air Tag 2nd/1st Gen,4.6,,79.0,10.0,5.0,1.0,5.0,product_B0CQXC6WS5.html
B0CXT9ZK55,"for AirTag Holder Keychain,Air Tag-4 Pack Holder Case Airtags 1st/2nd Gen",4.7,,83.0,10.0,3.0,1.0,3.0,product_B0CXT9ZK55.html
B0D19NY99V,AirTag Universal Mount - Elevation Lab (4 Pack),4.7,,86.0,10.0,1.0,0.0,3.0,product_B0D19NY99V.html
B0D6G7PG8M,"4 Pack Waterproof AirTag Holder for AirTag 1st & 2nd Generation,AirTag Keychain with Secure Lock,AirTags Case Cover for Apple AirTag Accessories for GPS Item Finder Tracker Luggage, Bag,Key,Pet,Black",4.7,,85.0,8.0,5.0,1.0,1.0,product_B0D6G7PG8M.html
B0DJ1P83SN,"Apple AirTag Tracking Device, 4-Pack (Renewed)",4.6,,82.0,7.0,5.0,1.0,5.0,product_B0DJ1P83SN.html
B0DJ9SLR26,Apple AirTag (Renewed),4.1,,70.0,7.0,3.0,3.0,17.0,product_B0DJ9SLR26.html
B0DQWDRS42,"4 Pack Tagginnc Magnetic Case for AirTag – Ultra Strong Magnet & Discreet Hexagonal Nut Design with Non-Slip Base, Waterproof & Shatterproof, Compatible with Apple AirTag Gen 1st&2nd",4.7,,85.0,7.0,4.0,1.0,3.0,product_B0DQWDRS42.html
B0DSJ4D4CP,2 Pack Tracker Tags Finder Apple Find My MFi Certified Waterproof iOS Only,,,0.0,0.0,0.0,0.0,0.0,product_B0DSJ4D4CP.html
B0DZBS5ZX7,"UNBREAKcable for AirTag Holder Case with Professional Carabiner, 4 Pack",4.4,,74.0,10.0,5.0,2.0,9.0,product_B0DZBS5ZX7.html
B0F23HS8KR,for AirTag Holder (1st & 2nd Generation) Airtag Lock Case with Wire Cable,4.7,,82.0,9.0,5.0,2.0,2.0,product_B0F23HS8KR.html
B0F7RFV9PM,"Air Tracker Tags-4 Pack, Bluetooth Tracker Works with Apple Find My APP (iOS Only), Backpack, Suitcases, Replaceable Battery, IP67 Waterproof Tracking Tag (4 Black)",4.7,,88.0,7.0,0.0,0.0,5.0,product_B0F7RFV9PM.html
B0F82HR8QZ,UGREEN FineTrack Air Tracker Tags (iOS Only) 4 Pack Key Finder,4.4,,74.0,11.0,5.0,3.0,7.0,product_B0F82HR8QZ.html
B0F8GNKM87,"Gocii for Airtag Holder with Wire Cable(1st & 2nd Generation), 4 Pack Ultra-Durable Lockable Case for Apple AirTag, Waterproof Keychain Holder for Luggage, Keys, Backpacks, Cars, Bags, and Kids",4.6,,79.0,13.0,6.0,0.0,2.0,product_B0F8GNKM87.html
B0F8HC2ZSY,"for AirTag Holder 2 Pack(1st & 2nd Generation),Ultra-Durable Apple AirTag Keychain Case with Carabiner,Waterproof AirTag Holder for Luggage,Keys,Backpack,Car,Bags,Kids(Black&White)",4.3,,72.0,7.0,8.0,6.0,7.0,product_B0F8HC2ZSY.html
B0F99GD6DQ,"MOLOSLEEVE [4 Pack Case for AirTag 2nd Gen (2026) & 1st Gen, Shockproof Holder Anti-Scratch Protective Cover for Air Tags, Men's Women's Keyrings & Keychains for Keys, Luggage, Bags, Black",4.6,,81.0,10.0,4.0,1.0,4.0,product_B0F99GD6DQ.html
B0FBWDZH2M,UGREEN FineTrack (iOS Only) Air Tracker Tags 4 Pack,4.4,,74.0,8.0,7.0,3.0,8.0,product_B0FBWDZH2M.html
B0FM7N6YY2,"MOLOSLEEVE Case for AirTag 2nd Gen (2026) & 1st Gen, Shockproof Holder Anti-Scratch Protective Cover for Air Tags, Men's Women's Keyrings & Keychains for Keys, Luggage, Bags, Pine Green",4.6,,81.0,10.0,4.0,1.0,4.0,product_B0FM7N6YY2.html
B0FMY556GK,"Air Tracker Tags-4 Pack for Apple Find My, iOS Only, Official MFi Certified",4.1,,67.0,10.0,4.0,5.0,14.0,product_B0FMY556GK.html
B0FYPDNVWS,4 Pack Apple MFi Certified Tracker Tags Works with Apple Find My (iOS Only),4.4,,79.0,7.0,2.0,3.0,9.0,product_B0FYPDNVWS.html
B0FZ9TZLDP,"AirTag Holder 4 Pack,IPX8 Waterproof with Steel Cable Lock",4.6,,79.0,12.0,6.0,2.0,1.0,product_B0FZ9TZLDP.html
B0G25Q799S,"Air Tracker Tags-4 Pack (iOS Only), [Apple MFi Certified] Key Finder",4.1,,65.0,11.0,6.0,4.0,14.0,product_B0G25Q799S.html
B0G4R1DHV4,"Air Tracker Tags-4 Pack: Smart Bluetooth Tracker, Item Finder Works with Apple Find My (iOS Only) App, Trakcer Tag Locator for Keys, Luggage, Satchel, weTag mini. (Not for Android Devices)",4.1,,63.0,14.0,7.0,5.0,11.0,product_B0G4R1DHV4.html
B0G8ZMR5QZ,4 Pack Tracker Tags Item Finder for Apple Find My MFi Certified iOS Only,4.4,,79.0,9.0,2.0,1.0,9.0,product_B0G8ZMR5QZ.html
B0GCDQF6N6,for AirTag Holder 2nd /1st Gen-4 Pack for Apple Air Tagholder Keychain,4.4,,76.0,8.0,9.0,2.0,5.0,product_B0GCDQF6N6.html
B0GJ9RMHNZ,4 Pack Smart Tracker Tags MFi Certified Item Finder Apple Find My iOS Only,4.2,,71.0,8.0,4.0,4.0,13.0,product_B0GJ9RMHNZ.html
B0GJTXVN9Z,"Apple AirTag (2nd Generation) - 4 Pack: Tracker for Keychain, Wallet, and More; Locator with Sound; Simple One-Tap Setup with iPhone or iPad; Key Finder with up to 1.5X Precision Finding Range*",4.6,,83.0,6.0,3.0,1.0,7.0,product_B0GJTXVN9Z.html
B0GQHLTBHK,"Life360 Tile - Bluetooth Tracker, Keys Finder and Item Locator for Keys, Bags and More. Phone Finder. Both iOS and Android Compatible. 1-Pack (Slate)",4.3,,72.0,9.0,5.0,4.0,10.0,product_B0GQHLTBHK.html
B0GR9V697S,Tracker Tags-4 Pack MFi Certified for Apple Find My iOS Only Air Key Finder,4.2,,72.0,9.0,5.0,0.0,14.0,product_B0GR9V697S.html
B0GVNKGWVZ,2 Pack Bluetooth Tracker Tags Works with Apple Find My(iOS Only) Key Finder,4.6,,87.0,6.0,1.0,0.0,6.0,product_B0GVNKGWVZ.html
B0GVYPXJG3,"Air Tag for Android, Air Tags-4 Pack Work Compatible with Apple Find My",5.0,,100.0,0.0,0.0,0.0,0.0,product_B0GVYPXJG3.html
B0GXF74QCG,Full Grain Leather AirTag Holder Keychain for Apple AirTag (Burgundy),4.9,,94.0,6.0,0.0,0.0,0.0,product_B0GXF74QCG.html
B0H5ND792N,"Air Tracker Tag-2 Pack, Smart Item Tags [Apple MFi Certified]",4.4,,75.0,11.0,4.0,3.0,7.0,product_B0H5ND792N.html
B0H5VY6XLF,"TPU Case for AirTag 2nd & 1st Gen, Keychain Holder, Pink",4.8,,85.0,15.0,0.0,0.0,0.0,product_B0H5VY6XLF.html
B0H6HWFT9H,Air Tracker Tags 4Pack Smart Tracker for Keys with Apple Find My (iOS Only),4.7,,89.0,3.0,1.0,2.0,5.0,product_B0H6HWFT9H.html
B0HB9B76YX,"for Airtag Wallet Holder 2 Pack [1st & 2nd Generation] Ultra Thin (0.1"") Card Case for Purse, Handbag, Backpack Wallet, Clutch, for Airtag Holder for Women & Men - Blue",4.6,,78.0,13.0,6.0,1.0,2.0,product_B0HB9B76YX.html
B0HHCNKZNJ,"MOLOSLEEVE Waterproof Holder for AirTag 2nd & 1st Generation, Multicolor",4.6,,82.0,8.0,4.0,1.0,5.0,product_B0HHCNKZNJ.html
B0HJMDYLML,Tracker Tags [Apple MFi Certified] 2 Pack Bluetooth Trackers Works with Apple Find My (iOS Only),,,0.0,0.0,0.0,0.0,0.0,product_B0HJMDYLML.html
B0HJMKN37D,Tracker Tags [Apple MFi Certified] 4 Pack Bluetooth Trackers Works with Apple Find My (iOS Only),,,0.0,0.0,0.0,0.0,0.0,product_B0HJMKN37D.html
