source_file,asin,product_name_found,average_rating_found,total_ratings_found,star_percentages_found,individual_review_cards_found
product_B093333693.html,B093333693,True,True,False,5,0
product_B09468VZ5W.html,B09468VZ5W,True,True,False,5,0
product_B096F7NJ62.html,B096F7NJ62,True,True,False,5,0
product_B099HLCVTZ.html,B099HLCVTZ,True,True,False,5,0
product_B09GR84SCL.html,B09GR84SCL,True,True,False,5,0
product_B09GRJK2N6.html,B09GRJK2N6,True,True,False,5,0
product_B09LCJFLXM.html,B09LCJFLXM,True,True,False,5,0
product_B09MQ72DT6.html,B09MQ72DT6,True,True,False,5,0
product_B0BWYG6RM8.html,B0BWYG6RM8,True,True,False,5,0
product_B0CDVVM5LG.html,B0CDVVM5LG,True,True,False,5,0
product_B0CGDDXY11.html,B0CGDDXY11,True,True,False,5,0
product_B0CHHZW2VK.html,B0CHHZW2VK,True,True,False,5,0
product_B0CQXC6WS5.html,B0CQXC6WS5,True,True,False,5,0
product_B0CXT9ZK55.html,B0CXT9ZK55,True,True,False,5,0
product_B0D19NY99V.html,B0D19NY99V,True,True,False,5,0
product_B0D6G7PG8M.html,B0D6G7PG8M,True,True,False,5,0
product_B0DJ1P83SN.html,B0DJ1P83SN,True,True,False,5,0
product_B0DJ9SLR26.html,B0DJ9SLR26,True,True,False,5,0
product_B0DQWDRS42.html,B0DQWDRS42,True,True,False,5,0
product_B0DSJ4D4CP.html,B0DSJ4D4CP,True,False,False,5,0
product_B0DZBS5ZX7.html,B0DZBS5ZX7,True,True,False,5,0
product_B0F23HS8KR.html,B0F23HS8KR,True,True,False,5,0
product_B0F7RFV9PM.html,B0F7RFV9PM,True,True,False,5,0
product_B0F82HR8QZ.html,B0F82HR8QZ,True,True,False,5,0
product_B0F8GNKM87.html,B0F8GNKM87,True,True,False,5,0
product_B0F8HC2ZSY.html,B0F8HC2ZSY,True,True,False,5,0
product_B0F99GD6DQ.html,B0F99GD6DQ,True,True,False,5,0
product_B0FBWDZH2M.html,B0FBWDZH2M,True,True,False,5,0
product_B0FM7N6YY2.html,B0FM7N6YY2,True,True,False,5,0
product_B0FMY556GK.html,B0FMY556GK,True,True,False,5,0
product_B0FYPDNVWS.html,B0FYPDNVWS,True,True,False,5,0
product_B0FZ9TZLDP.html,B0FZ9TZLDP,True,True,False,5,0
product_B0G25Q799S.html,B0G25Q799S,True,True,False,5,0
product_B0G4R1DHV4.html,B0G4R1DHV4,True,True,False,5,0
product_B0G8ZMR5QZ.html,B0G8ZMR5QZ,True,True,False,5,0
product_B0GCDQF6N6.html,B0GCDQF6N6,True,True,False,5,0
product_B0GJ9RMHNZ.html,B0GJ9RMHNZ,True,True,False,5,0
product_B0GJTXVN9Z.html,B0GJTXVN9Z,True,True,False,5,0
product_B0GQHLTBHK.html,B0GQHLTBHK,True,True,False,5,0
product_B0GR9V697S.html,B0GR9V697S,True,True,False,5,0
product_B0GVNKGWVZ.html,B0GVNKGWVZ,True,True,False,5,0
product_B0GVYPXJG3.html,B0GVYPXJG3,True,True,False,5,0
product_B0GXF74QCG.html,B0GXF74QCG,True,True,False,5,0
product_B0H5ND792N.html,B0H5ND792N,True,True,False,5,0
product_B0H5VY6XLF.html,B0H5VY6XLF,True,True,False,5,0
product_B0H6HWFT9H.html,B0H6HWFT9H,True,True,False,5,0
product_B0HB9B76YX.html,B0HB9B76YX,True,True,False,5,0
product_B0HHCNKZNJ.html,B0HHCNKZNJ,True,True,False,5,0
product_B0HJMDYLML.html,B0HJMDYLML,True,False,False,5,0
product_B0HJMKN37D.html,B0HJMKN37D,True,False,False,5,0
amazon_customer_reviews.html,B0GJTFXNRX,,,,,8
product_response.html,B0GJTFXNRX,,,,,8
reviews_response.html,B0GJTFXNRX,,,,,0
amazon_review_response.html,,,,,,0
amazon_airtag.html,B0GJTFXNRX,,,,,0
