keyword,product_name,size,product_description,category,product_type,price,main_image,pdp_url,rank,colour,gender,material,fit_sizing,occasion_style
mini dress,Cobalt Blue Short Sleeve Knit 2 in 1 Mini Dress,Available sizes on PDP,"Designed with a 2-in-1 layered silhouette, this short-sleeve knitted mini dress offers the look of a styled two-piece with single-garment convenience. The knitted construction provides comfortable stretch for all-day ease. * Knitted fabric * 2-in-1 layered design * Short sleeves * Mini length cut Regular side neck to hem 32.5"" / 83cm. Machine washable. Main 57% Recycled polyester, 37% Acrylic, 3% Wool, 3% Elastane. Skirt 82% Polyester, 17% Viscose, 1% Elastane. Our tall collection is designed to fit women 5'10"" / 178cm and above. This has been proportionally increased through the body, leg and sleeve to achieve the perfect fit. Available in sizes 8-20.",Dresses,Dress,£48,"https://xcdn.next.co.uk/Common/Items/Default/Default/ItemImages/3_4Ratio/Search/Lge/G38316.jpg?im=Resize,width=450",https://www.next.co.uk/style/sv030971/g38316,1,Cobalt Blue,Women,"57% Recycled polyester, 37% Acrylic, 3% Wool, 3% Elastane. Skirt 82% Polyester, 17% Viscose, 1% Elastane",This item runs large.,Casual
mini dress,Burgundy/Red Short Sleeve Knit 2 in 1 Mini Dress,Available sizes on PDP,"Designed with a 2-in-1 layered silhouette, this short-sleeve knitted mini dress offers the look of a styled two-piece with single-garment convenience. The knitted construction provides comfortable stretch for all-day ease. * Knitted fabric * 2-in-1 layered design * Short sleeves * Mini length cut Regular side neck to hem 32.5"" / 83cm. Machine washable. Main 57% Recycled polyester, 37% Acrylic, 3% Wool, 3% Elastane. Skirt 85% Polyester, 12% Viscose, 3% Elastane. Our tall collection is designed to fit women 5'10"" / 178cm and above. This has been proportionally increased through the body, leg and sleeve to achieve the perfect fit. Available in sizes 8-20.",Dresses,Dress,£45,"https://xcdn.next.co.uk/Common/Items/Default/Default/ItemImages/3_4Ratio/Search/Lge/G96992.jpg?im=Resize,width=450",https://www.next.co.uk/style/sv030971/g96992,2,Burgundy/Red,Women,"57% Recycled polyester, 37% Acrylic, 3% Wool, 3% Elastane. Skirt 85% Polyester, 12% Viscose, 3% Elastane",,Casual
mini dress,Rockett St George Black Chinoiserie Floral Print Pussybow Mini Dress,,"Exude dramatic sophistication with the Rockett St George black chinoiserie floral print pussybow mini dress. Cut from a smooth fabric in a sleek black hue, this statement mini dress features an intricate botanical chinoiserie print adorned with delicate birds and floral motifs. Designed with voluminous long balloon sleeves and a dramatic pussybow scarf neckline, it brings theatrical vintage charm and effortless elegance to your evening wardrobe. Intricate chinoiserie print Dramatic pussybow scarf Voluminous balloon sleeves Flattering mini length Statement party piece Machine washable. 78% Livaeco™ Viscose, 22% Nylon. Items with the curve logo are available in sizes 18 and above.",Dresses,Dress,£46,"https://xcdn.next.co.uk/Common/Items/Default/Default/ItemImages/3_4Ratio/Search/Lge/V86064.jpg?im=Resize,width=450",https://www.next.co.uk/style/sv096115/v86064,3,,Women,,,Casual
mini dress,Friends Like These Black Cosy Lace Hem Mini Dress,,"Main 89% Polyester, 6% Viscose, 5% Elastane. Trim 100% Polyester. Lace 100% Nylon.",Dresses,Dress,£46,"https://xcdn.next.co.uk/Common/Items/Default/Default/ItemImages/3_4Ratio/Search/Lge/V68372.jpg?im=Resize,width=450",https://www.next.co.uk/style/sv043881/v68372,4,Black Fit: Regular Petite,Women,"89% Polyester, 6% Viscose, 5% Elastane. Trim 100% Polyester. Lace 100% Nylon.",,Casual
mini dress,Friends Like These Chocolate Brown Cosy Lace Hem Mini Dress,,"Main 89% Polyester, 6% Viscose, 5% Elastane. Trim 100% Polyester. Lace 100% Nylon.",Dresses,Dress,£46,"https://xcdn.next.co.uk/Common/Items/Default/Default/ItemImages/3_4Ratio/Search/Lge/V68380.jpg?im=Resize,width=450",https://www.next.co.uk/style/sv043881/v68380,5,Chocolate Brown Fit: Regular Petite,Women,"89% Polyester, 6% Viscose, 5% Elastane. Trim 100% Polyester. Lace 100% Nylon.",,Casual
mini dress,Friends Like These Olive Green Cosy Lace Hem Mini Dress,,"Main 89% Polyester, 6% Viscose, 5% Elastane. Trim 100% Polyester. Lace 100% Nylon.",Dresses,Dress,£46,"https://xcdn.next.co.uk/Common/Items/Default/Default/ItemImages/3_4Ratio/Search/Lge/V68373.jpg?im=Resize,width=450",https://www.next.co.uk/style/sv043881/v68373,6,Olive Green Fit: Regular Petite,Women,"89% Polyester, 6% Viscose, 5% Elastane. Trim 100% Polyester. Lace 100% Nylon.",,Casual
mini dress,Love & Roses Black Collared Check Ponte Long Sleeve Mini Dress,,"58% Polyester, 38% Viscose, 4% Elastane.",Dresses,Dress,£59,"https://xcdn.next.co.uk/Common/Items/Default/Default/ItemImages/3_4Ratio/Search/Lge/Y71540.jpg?im=Resize,width=450",https://www.next.co.uk/style/sv119964/y71540,7,,Women,,,Casual
mini dress,Love & Roses Bow Metallic Jacquard Structured Mini Dress,,"Regular side neck to hem 36.5"" / 93cm. Main 88% Polyester, 12% Metallised fibre. Lining 100% Polyester. Trim 93% Polyester, 7% Elastane.",Dresses,Dress,£58,"https://xcdn.next.co.uk/Common/Items/Default/Default/ItemImages/3_4Ratio/Search/Lge/Y62942.jpg?im=Resize,width=450",https://www.next.co.uk/style/sv095040/y62942,8,,Women,"88% Polyester, 12% Metallised fibre. Lining 100% Polyester. Trim 93% Polyester, 7% Elastane.",,Casual
mini dress,Friends Like These Black Manipulated Faux Leather PU Trim Detail Mini Dress,,Main 100% Polyester with PU coating. Lining 100% Polyester.,Dresses,Dress,£65,"https://xcdn.next.co.uk/Common/Items/Default/Default/ItemImages/3_4Ratio/Search/Lge/Y62120.jpg?im=Resize,width=450",https://www.next.co.uk/style/sv093599/y62120,9,,Women,100% Polyester with PU coating. Lining 100% Polyester.,,Casual
mini dress,Love & Roses Black Tailored Heart Button Puff Sleeve Velvet Mini Dress,,Main 100% Polyester. Flocking 100% Nylon. Lining 100% Polyester.,Dresses,Dress,£58,"https://xcdn.next.co.uk/Common/Items/Default/Default/ItemImages/3_4Ratio/Search/Lge/Y71529.jpg?im=Resize,width=450",https://www.next.co.uk/style/sv119960/y71529,10,Black Fit: Regular Petite,Women,100% Polyester. Flocking 100% Nylon. Lining 100% Polyester.,,Casual
midi dress,Navy Blue Floral Puff Sleeve Midi Dress,Available sizes on PDP,"'• Brand: Next• Use: Occasionwear• Length: Midi• Sleeve: Short Sleeve• Style: A-Line• Pattern: Floral• Neckline: Round NeckThis midi-length dress has a flattering short puff sleeve and elegant high-neck detailing, made from a smooth fabric with a gathered waist and a button fastening to the back of the neck' Regular side neck to hem 53"" / 135cm. Machine washable. 83% Livaeco™ Viscose, 17% Nylon. Items with the curve logo are available in sizes 18 and above., Our tall collection is designed to fit women 5'10"" / 178cm and above. This has been proportionally increased through the body, leg and sleeve to achieve the perfect fit. Available in sizes 8-20.",Dresses,Dress,£49,"https://xcdn.next.co.uk/Common/Items/Default/Default/ItemImages/3_4Ratio/Search/Lge/AW4028.jpg?im=Resize,width=450",https://www.next.co.uk/style/su542753/aw4028,1,Navy Blue Floral ​ Fit: Regular Petite,Women,,,Casual
midi dress,Brown Animal Print Puff Sleeve Midi Dress,Available sizes on PDP,"'• Brand: Next• Use: Occasionwear• Length: Midi• Sleeve: Short Sleeve• Style: A-Line• Pattern: Floral• Neckline: Round NeckThis midi-length dress has a flattering short puff sleeve and elegant high-neck detailing, made from a smooth fabric with a gathered waist and a button fastening to the back of the neck' Regular side neck to hem 53"" / 135cm. Machine washable. 87% Livaeco™ Viscose, 13% Nylon. Items with the curve logo are available in sizes 18 and above., Our tall collection is designed to fit women 5'10"" / 178cm and above. This has been proportionally increased through the body, leg and sleeve to achieve the perfect fit. Available in sizes 8-20.",Dresses,Dress,£39,"https://xcdn.next.co.uk/Common/Items/Default/Default/ItemImages/3_4Ratio/Search/Lge/W13044.jpg?im=Resize,width=450",https://www.next.co.uk/style/su542753/w13044,2,Brown Animal Print ​ Fit: Regular Petite,Women,,,Casual
midi dress,Petrol Blue Satin Short Sleeve Twist Front Midi Dress,Available sizes on PDP,"Elevate your occasionwear with this short sleeve midi dress. Crafted from a luxurious hammered satin fabric, it features a flattering twist-front waist detail, delicate flowy short sleeves, and an elegant midi-length hem. Perfect for weddings, formal events, or evening dinners, style it with strappy heels and subtle jewellery for a sophisticated look. Luxurious hammered satin fabric Flattering twist-front detail Short flowy sleeves Elegantly draped midi length Regular side neck to hem 54.5"" / 138cm. Machine washable. 98% Recycled polyester, 2% Elastane. Items with the curve logo are available in sizes 18 and above., Our tall collection is designed to fit women 5'10"" / 178cm and above. This has been proportionally increased through the body, leg and sleeve to achieve the perfect fit. Available in sizes 8-20.",Dresses,Dress,£46,"https://xcdn.next.co.uk/Common/Items/Default/Default/ItemImages/3_4Ratio/Search/Lge/Y59416.jpg?im=Resize,width=450",https://www.next.co.uk/style/sv030985/y59416,3,Petrol Blue Fit: Regular Petite,Women,,,Casual
midi dress,Black Satin Short Sleeve Twist Front Midi Dress,Available sizes on PDP,"Elevate your occasionwear with this short sleeve midi dress. Crafted from a luxurious hammered satin fabric, it features a flattering twist-front waist detail, delicate flowy short sleeves, and an elegant midi-length hem. Perfect for weddings, formal events, or evening dinners, style it with strappy heels and subtle jewellery for a sophisticated look. Luxurious hammered satin fabric Flattering twist-front detail Short flowy sleeves Elegantly draped midi length Regular side neck to hem 54.5"" / 138cm. Machine washable. 98% Recycled polyester, 2% Elastane. Items with the curve logo are available in sizes 18 and above., Our tall collection is designed to fit women 5'10"" / 178cm and above. This has been proportionally increased through the body, leg and sleeve to achieve the perfect fit. Available in sizes 8-20.",Dresses,Dress,£50,"https://xcdn.next.co.uk/Common/Items/Default/Default/ItemImages/3_4Ratio/Search/Lge/Y63935.jpg?im=Resize,width=450",https://www.next.co.uk/style/sv030985/y63935,4,Black Fit: Regular Petite,Women,,This item runs large.,Casual
midi dress,Lipsy Black Side Knot Shorts Sleeve Midi Dress,,"Add a touch of effortless sophistication to your professional wardrobe with this Lipsy side knot midi dress. Cut to a classic midi length, this dress features a flattering knot detail at the waist that defines your silhouette while maintaining a polished look. Finished with a clean rounded neckline, short sleeves, and a subtle side slit at the hem, it is the ultimate statement piece for workwear and formal occasions alike. Flattering side knot detail at the waist Versatile classic midi-length silhouette Short sleeves and a rounded neckline Subtle side slit at the hem for added movement 95% Polyester, 5% Elastane.",Dresses,Dress,£48,"https://xcdn.next.co.uk/Common/Items/Default/Default/ItemImages/3_4Ratio/Search/Lge/G26636.jpg?im=Resize,width=450",https://www.next.co.uk/style/sv075548/g26636,5,Black ​ Fit: Regular Petite Curve,Women,,,Casual
midi dress,Access Denied,,,Dresses,Dress,,"https://xcdn.next.co.uk/Common/Items/Default/Default/ItemImages/3_4Ratio/Search/Lge/AA5742.jpg?im=Resize,width=450",https://www.next.co.uk/style/sv075548/aa5742,6,,Women,,,Casual
midi dress,Access Denied,,,Dresses,Dress,,"https://xcdn.next.co.uk/Common/Items/Default/Default/ItemImages/3_4Ratio/Search/Lge/V24499.jpg?im=Resize,width=450",https://www.next.co.uk/style/su898414/v24499,7,,Women,,,Casual
midi dress,Access Denied,,,Dresses,Dress,,"https://xcdn.next.co.uk/Common/Items/Default/Default/ItemImages/3_4Ratio/Search/Lge/W07445.jpg?im=Resize,width=450",https://www.next.co.uk/style/su567432/w07445,8,,Women,,,Casual
midi dress,Access Denied,,,Dresses,Dress,,"https://xcdn.next.co.uk/Common/Items/Default/Default/ItemImages/3_4Ratio/Search/Lge/Y33047.jpg?im=Resize,width=450",https://www.next.co.uk/style/su567432/y33047,9,,Women,,,Casual
midi dress,Access Denied,,,Dresses,Dress,,"https://xcdn.next.co.uk/Common/Items/Default/Default/ItemImages/3_4Ratio/Search/Lge/H23954.jpg?im=Resize,width=450",https://www.next.co.uk/style/sv043849/h23954,10,,Women,,,Casual
