web_scraper_order,web_scraper_start_url,Links,Title,Price,Price_Period,Location,Property_Type,Bedrooms,Bathrooms,Area,Purpose,Furnishing,Updated,Description,Amenities,Permit_Number,Reference_ID,BLN_ADREC,Agency,Pages,title,data
"1789471894-1","https://abudhabi.dubizzle.com/en/property-for-rent/residential/","","","","","","","","","","","","","","","","","","","https://abudhabi.dubizzle.com/en/property-for-rent/residential/?page=2","",""
"1789471894-2","https://abudhabi.dubizzle.com/en/property-for-rent/residential/","","","","","","","","","","","","","","","","","","","https://abudhabi.dubizzle.com/en/property-for-rent/residential/?page=3","",""
"1789471894-3","https://abudhabi.dubizzle.com/en/property-for-rent/residential/","","","","","","","","","","","","","","","","","","","https://abudhabi.dubizzle.com/en/property-for-rent/residential/?page=4","",""
"1789471894-4","https://abudhabi.dubizzle.com/en/property-for-rent/residential/","","","","","","","","","","","","","","","","","","","https://abudhabi.dubizzle.com/en/property-for-rent/residential/?page=5","",""
"1789471894-5","https://abudhabi.dubizzle.com/en/property-for-rent/residential/","","","","","","","","","","","","","","","","","","","https://abudhabi.dubizzle.com/en/property-for-rent/residential/?page=6","",""
"1789471894-6","https://abudhabi.dubizzle.com/en/property-for-rent/residential/","","","","","","","","","","","","","","","","","","","https://abudhabi.dubizzle.com/en/property-for-rent/residential/?page=7","",""
"1789471894-7","https://abudhabi.dubizzle.com/en/property-for-rent/residential/","","","","","","","","","","","","","","","","","","","https://abudhabi.dubizzle.com/en/property-for-rent/residential/?page=8","",""
"1789471894-8","https://abudhabi.dubizzle.com/en/property-for-rent/residential/","","","","","","","","","","","","","","","","","","","https://abudhabi.dubizzle.com/en/property-for-rent/residential/?page=9","",""
"1789471894-9","https://abudhabi.dubizzle.com/en/property-for-rent/residential/","","","","","","","","","","","","","","","","","","","https://abudhabi.dubizzle.com/en/property-for-rent/residential/?page=10","",""
"1789471894-10","https://abudhabi.dubizzle.com/en/property-for-rent/residential/","","","","","","","","","","","","","","","","","","","https://abudhabi.dubizzle.com/en/property-for-rent/residential/?page=2","",""
"1789471894-11","https://abudhabi.dubizzle.com/en/property-for-rent/residential/","","","","","","","","","","","","","","","","","","","https://abudhabi.dubizzle.com/en/property-for-rent/residential/?page=214","",""
"1789471897-12","https://abudhabi.dubizzle.com/en/property-for-rent/residential/","https://abudhabi.dubizzle.com/property-for-rent/residential/townhouse/2026/8/27/single-row-ready-to-move-in-3-maids-3-144987/","Single Row | Ready To Move In | 3 + Maids","190,000","Yearly","Noya Viva, Yas Island, Abu Dhabi, UAE","Townhouse","3 beds","4 baths","1,854 sqft","Rent","Unfurnished","15th September 2026","The Noya Viva is an exclusive residential community on Yas Island, offering beautifully designed villas/townhouses surrounded by landscaped parks, green spaces, and premium lifestyle amenities. This sought-after community provides the perfect balance of luxury, privacy, and convenience for modern family living. 
Residents enjoy easy access to Yas Mall, Yas Links Golf Course, Ferrari World, Yas Marina Circuit, Yas Waterworld, top schools, healthcare facilities, and Abu Dhabi International Airport. 

Do not miss out!
Call for viewing anytime View Contact Detail …


Property Features:
3 Spacious Bedrooms
Bright Open-Plan Living & Dining Area
Modern Kitchen with Premium Finishes
Private Landscaped Garden
Covered Parking

Community Amenities:
Swimming Pool
Fully Equipped Gym
Basketball & Tennis Courts
Cycling Track
Children's Play Area
Community Hub
Landscaped Gardens
BBQ Areas
Golf Course
Family-Oriented Community
Schools & Mosques

Nearby Landmarks:
Yas Waterfront – 5 mins
Ferrari World – 7 mins
Yas Mall – 8 mins
Yas Waterworld – 12 mins
Warner Bros. World – 10 mins
Abu Dhabi International Airport – 15 mins
Khalifa City – 20 mins","AmenitiesMaids RoomCentral A/C & HeatingConcierge ServicePrivate Gym+15 MoreSecurityCovered ParkingDouble Glazed WindowsElectricity BackupFirst Aid Medical CenterPrayer RoomLaundry RoomBroadband InternetKids Play AreaMaintenance StaffCCTV SecurityFacilities for DisabledBarbeque AreaWaste Disposal","20260001479765","7945-ftbArq","202304803093","Abdul Rehman Choudhary","","",""
"1789471900-13","https://abudhabi.dubizzle.com/en/property-for-rent/residential/","https://abudhabi.dubizzle.com/property-for-rent/residential/apartmentflat/2026/9/11/upcoming-unit-sea-world-view-partial-ca-3-135627/","Upcoming Unit | Sea World View | Partial Canal View","85,000","Yearly","Water's Edge, Yas Island, Abu Dhabi, UAE","Apartment","1 bed","1 bath","697 sqft","Rent","Unfurnished","15th September 2026","Water's Edge is an impressive residential project located on Yas Island, Abu Dhabi. Developed by Aldar Properties, this project is perfect for those seeking a luxurious lifestyle surrounded by natural beauty. Imagine waking up to the sound of the waves and enjoying the stunning waterfront views from your balcony. Water's Edge offers you just that – an uninterrupted view of the sea.

APARTMENT FEATURES:
Bright Living/Dining Area
Fully Fitted Kitchen
Balcony
Master En-Suite Bedroom
Comfy Bedroom
Neat Bathroom
Laundry Room
Built-in wardrobe
Basement Parking

FACILITIES and AMENITIES:
Adult and Kiddie Swimming Pools
Poolside Lounges
Equipped Gym
Walking, Jogging, and Cycling Paths
Basketball, Tennis, and Squash Courts
Supermarkets
Medical Clinic
Nursery
Playground

LOCATION:
15 minutes away from Yas Beach
5 minutes away from Yas City Park
13 minutes away from Zayed International Airport
15 minutes away from the Nursery
15 minutes away from the International School

CONTACT US TO KNOW MORE:  Show Number

LIST YOUR PROPERTY WITH US!
Email: marketing@thecapitalavenue.com

Capital Avenue is a leading real estate company in Abu Dhabi, with a passion for changing the game. The company believes that customer service, professionalism, and honesty are the hallmarks of a truly great real estate company. Customers deserve to work with highly trained professionals who are committed to excellence. The company's goal is to remove obstacles, lower hurdles, and minimize pain points when it’s time for you to buy, sell, or lease property. Capital Avenue also believes that listening and understanding clients' needs is vital in finding the dream home. The Capital Avenue desires to change the way real estate gets done in Abu Dhabi, with less frustration, more joy, and total satisfaction.","AmenitiesCentral A/C & HeatingPrivate GardenPrivate GymShared Pool+5 MoreKids Play AreaBarbeque AreaLobby in BuildingWaste Disposal","20260001499379","Capitalave-22164","202502700555","Tarek Hamza","","",""
"1789471903-14","https://abudhabi.dubizzle.com/en/property-for-rent/residential/","https://abudhabi.dubizzle.com/property-for-rent/residential/apartmentflat/2026/8/25/vacant-sophisticated-unit-full-amenitie-3-123967/","Vacant | Sophisticated Unit | Full Amenities","150,000","Yearly","Al Sana 1, Al Sana, Al Muneera, Al Raha Beach, Abu Dhabi, UAE","Apartment","2 beds","3 baths","1,556 sqft","Rent","Unfurnished","15th September 2026","Enjoy relaxed waterfront living in this inviting 2-bedroom residence at Al Sana, Al Muneera, Al Raha Beach. Designed with comfortable interiors and a practical layout, the home offers an ideal setting for both everyday living and entertaining. Floor-to-ceiling windows bring in plenty of natural light while complementing the peaceful surroundings.

Facilities:

•	Central A/C
•	Shared Swimming Pool
•	Childrens play room
•	Shared Gym
•	Security
•	Steam room.
•	Covered Parking
•	24 hours maintenance

The location is a secured and luxurious community which perfectly sets in an exclusive waterfront residential district. It features the canal that splits Al Muneera Island from the mainland which is a perfect rendezvous with cafes and restaurants that the residents could enjoy, along the beautiful waterfront promenades.

Location:

•	1 Minute to Al Zeina and Al Muneera
•	5 Minutes to Al Raha Mall
•	5 Minutes to Yas Island
•	10 Minutes to Abu Dhabi International Airport
•	15 Minutes to Abu Dhabi Downtown
•	Less than 1 Hour to Dubai

List your property with us: leads@nwmea.com I www.nwmea.com","AmenitiesPets AllowedKids Play Area","20260001475545","NAT-AUH-R-290806-BY-A","202500316885","Nadhir Saied","","",""
"1789471905-15","https://abudhabi.dubizzle.com/en/property-for-rent/residential/","https://abudhabi.dubizzle.com/property-for-rent/residential/apartmentflat/2026/8/8/2bhk-furnished-i-beautiful-canal-view-i-3-314375/","2Bhk Unfurnished Apartment II Friendly Community- Community View","115,000","Yearly","Water's Edge, Yas Island, Abu Dhabi, UAE","Apartment","2 beds","2 baths","1,076 sqft","Rent","Unfurnished","15th September 2026","Designed for modern living, this exceptional development combines comfort, convenience, and resort-style amenities, making it perfect for families, professionals. 

Property Highlights

- 2 Bedrooms
-2 Modern Bathroom
- Area size : 1076 Sqf
- Canal View
- functional, open-plan layouts. 
-Modern kitchens with high-quality finishes. 
-Built-in wardrobes
- ample storage space. 
-Private balcony
- community views. 
-Superior sound insulation
- centralized A/C. 

Community & Amenities:

-Large swimming pools. 
-Fully equipped gym
-fitness facilities. 
-Jogging and cycling tracks along the canal. 
-Children’s play areas
- landscaped gardens. 
-24/7 security
-dedicated parking. 
- On-site retail, cafés, and convenience stores. 
- Prime Yas Island Location. 


Perfectly situated in the heart of Yas Island, Water’s Edge offers easy access to world-class attractions:

- Yas Mall
- Yas Bay Waterfront
- Ferrari World
- Yas Waterworld
- Warner Bros. World
- Yas Marina Circuit
- Yas Beach
- Schools, supermarkets, and medical facilities","AmenitiesPrivate GardenShared PoolCovered ParkingDay Care Center+8 MoreKids Play AreaMaintenance StaffCafeteria or CanteenFacilities for DisabledCleaning ServicesBarbeque AreaWaste Disposal","20260001004355","7945-Ljdj8R","202304803093","Abdul Rehman Choudhary","","",""
"1789471909-16","https://abudhabi.dubizzle.com/en/property-for-rent/residential/","https://abudhabi.dubizzle.com/property-for-rent/residential/apartmentflat/2026/8/24/full-sea-view-fully-furnished-well-desi-3-272569/","Full Sea View | Fully-Furnished | Well-designed","75,000","Yearly","Water's Edge, Yas Island, Abu Dhabi, UAE","Apartment","Studio","1 bath","481 sqft","Rent","Furnished","15th September 2026","Betterhomes is pleased to present this fully furnished studio apartment in Water's Edge, Yas Island, offering a stunning full sea view and a modern, comfortable living space. Ideally suited for professionals, couples, or investors, this property combines waterfront living with the convenience of one of Abu Dhabi's most vibrant destinations.

Property Details
•	Fully furnished studio
•	Full sea view
•	Bright and well-designed living space
•	Modern kitchen
•	Built-in wardrobes
•	Balcony
•	Allocated parking
•	Ready to move in

Amenities
•	Swimming pool
•	Fully equipped gym
•	Children's play area
•	Landscaped areas
•	Waterfront promenade
•	24-hour security
•	CCTV surveillance
•	High-speed elevators
•	Covered parking
•	Retail outlets and dining options nearby

Location Highlights
Located in Water's Edge, Yas Island, residents enjoy easy access to Yas Mall, Ferrari World, Yas Waterworld, SeaWorld Abu Dhabi, Yas Beach, and a wide selection of restaurants and entertainment destinations.

This property is an excellent choice for anyone looking for a fully furnished waterfront home with breathtaking sea views or a strong investment opportunity in Yas Island.

Call Betterhomes to arrange a viewing.","AmenitiesCentral A/C & HeatingBalconyView of WaterStorage AreasLobby in Building","20260000976870","BH-R-227943-3","202401332449","Vanessa Cook","","",""
"1789471913-17","https://abudhabi.dubizzle.com/en/property-for-rent/residential/","https://abudhabi.dubizzle.com/property-for-rent/residential/apartmentflat/2026/9/10/high-floor-modern-living-prime-location-3-749680/","High-Floor | Modern Living | Prime Location","70,000","Yearly","The Gate Tower 2, The Gate Tower, Shams Gate District, Shams Abu Dhabi, Al Reem Island, Abu Dhabi, UAE","Apartment","Studio","1 bath","575 sqft","Rent","Unfurnished","15th September 2026","Experience elevated urban living in this bright and contemporary high-floor studio apartment in the iconic Gate Towers.

Ideally located on Reem Island, community is just minutes from Reem Mall, Boutik Mall, schools, supermarkets, cafés, restaurants, and Abu Dhabi's city centre, with excellent connectivity to major road networks.

Residents enjoy access to world-class amenities, including:
- Resort-style swimming pools
- Fully equipped fitness center
- Tennis and basketball courts
- Children's play areas
- Landscaped gardens
- 24-hour security and concierge services
- Covered parking

Move into one of Reem Island's most sought-after developments and enjoy the perfect balance of comfort, convenience, and vibrant city living.

Available Soon!

Call Betterhomes to book your viewing!","AmenitiesPrivate GymShared PoolSecurityStorage Areas","202675000217941","BH-R-231569-2","202601119612","Aqilah Juharis","","",""
"1789471916-18","https://abudhabi.dubizzle.com/en/property-for-rent/residential/","https://abudhabi.dubizzle.com/property-for-rent/residential/apartmentflat/2026/8/3/your-perfect-studio-awaits-fresh-stylis-3-230781/","🔑 Your Perfect Studio Awaits – Fresh, Stylish & Brand New","59,999","Yearly","Tourist Club Area (TCA), Abu Dhabi, UAE","Apartment","Studio","1 bath","680 sqft","Rent","Unfurnished","15th September 2026","Discover unparalleled luxury and modern living in the heart of Abu Dhabi.This Apartment is Perfectly Designed for a truly seamless lifestyle. 

Apartment Features

- Modernly Designed Kitchen
- Elegant Bathrooms
- Ample Sized Living Area.


Facilities :


Lobby in the Building
24 Hours Concierge
CCTV Security
Double Glazed Windows
Electricity Backup
Centrally Air-Conditioned
Central Heating
Waste Disposal
Maintenance Staff

Nearby Amenities:

- Bank/ATM Facility
- Mosque
- Supermarkets
- Laundry Service
- Public Transport
- Restaurants and Coffee Shops
- Schools
- Shopping Mall
- Public Parks

PAYMENTS:

- Annual Rent: 60k AED 
- No. of Payments: Flexible Upto 4

Nearby Supermarkets, Laundry, Restaurants, Public Transport, Hospitals & etc. 

Viewing highly recommended. Contact us for more details or to arrange a viewing !","AmenitiesCentral A/C & HeatingPrivate GardenPrivate GymShared Pool+12 MoreSecurityDouble Glazed WindowsElectricity BackupService ElevatorsLaundry RoomBroadband InternetATM FacilityMaintenance StaffCCTV SecurityLobby in BuildingWaste Disposal","20260000968857","UBC0220","","Rehan Ghaffar","","",""
"1789471919-19","https://abudhabi.dubizzle.com/en/property-for-rent/residential/","https://abudhabi.dubizzle.com/property-for-rent/residential/apartmentflat/2026/5/15/spacious-big-balcony-low-price-3-932364/","Spacious | Big balcony | Modern Amenities","105,000","Yearly","Al Reem Island, Abu Dhabi, UAE","Apartment","1 bed","2 baths","1,250 sqft","Rent","Unfurnished","15th September 2026","Grab the best opportunity to occupy the modern & quality apartment with balcony welcomes the beautiful sea view and city view, with generous spaces and perfect ambiance that is bright and warm.



Surrounded by great/convenient amenities and facilities. One of the best and upgraded location in Abu Dhabi City.



Property Details:



Good space for living and dinning area Balcony



Facilities and amenities:



Swimming pool



Kids play area



Building lobby



24/7 security



24/7 maintenance



Gym



High speed elevator

Sauna



Steam



Jacuzzi



Nearby locations:



Shams Souk

Cleveland Clinic

The Galleria Malll

Abu Dhabi Mall

Corniche beach



Pictures are For Illustrative purpose.



Hawksbay is reshaping the real estate

market and far from your conventional real

estate norm.



We strive to provide a friendly and

knowledgeable service that will allow our

clients to proper and grow their property

portfolio.","AmenitiesCentral A/C & HeatingConcierge ServiceBalconyPrivate Garden+21 MorePrivate JacuzziShared PoolSecurityCovered ParkingDouble Glazed WindowsDay Care CenterElectricity BackupFirst Aid Medical CenterService ElevatorsLaundry RoomBroadband InternetIntercomKids Play AreaMaintenance StaffCCTV SecurityFacilities for DisabledCleaning ServicesBarbeque AreaLobby in BuildingWaste Disposal","202663000192895","RBR-003","","Rehan Ghaffar","","",""
"1789471922-20","https://abudhabi.dubizzle.com/en/property-for-rent/residential/","https://abudhabi.dubizzle.com/property-for-rent/residential/townhouse/2026/7/8/vacantsingle-row-midbest-layoutmodern-l-3-142488/","Vacant|Single Row Mid|Best Layout|Modern Living","200,000","Yearly","The Cedars, Yas Acres, Yas Island, Abu Dhabi, UAE","Townhouse","2 beds","3 baths","2,331 sqft","Rent","Unfurnished","15th September 2026","Move into this single row mid  2-bedroom townhouse in The Cedars and embrace unique living at Yas Acres. Nestled on the northern edge of Yas Island, this prestigious community is surrounded by serene parks, world-class golf courses, pristine beaches, a bustling marina, and elite yacht clubs. Offering a dynamic yet eco-conscious lifestyle with easy access to key amenities, Yas Acres delivers a truly exceptional residential experience. 


Features:

• Central A/C
• Family Living and Dining Room
• Fully-Fitted Kitchen with Cabinets
• Amazing Bedrooms with wardrobes
• Allocated Bathrooms
• Private Garden
• Secured Parking

Amenities:

• 24/7 Security
• Mosque
• Gym
• Park
• Retail Store
• Swimming Pool
• Yas Acres Golf Course
• School
• Coffee Shops
• Restaurants
• Yacht Club
• BBQ Area and Court

Location:

5 Mins to SABIS International School
5 Mins to Yas School
5 Mins to Yas Mall
15 Mins to Burjeel Medical Center, Al Zeina
30 Mins to Abu Dhabi Downtown
10 Mins to Abu Dhabi International Airport","AmenitiesKids Play AreaBarbeque AreaLobby in Building","20260000973925","NAT-R-99846-A","202500316885","Nadhir Saied","","",""
"1789471925-21","https://abudhabi.dubizzle.com/en/property-for-rent/residential/","https://abudhabi.dubizzle.com/property-for-rent/residential/apartmentflat/2026/7/30/premium-1bhk-corniche-views-all-ameniti-3-109502/","PREMIUM 1BHK | CORNICHE VIEWS | ALL AMENITIES","90,000","Yearly","Al Khalidiyah, Abu Dhabi, UAE","Apartment","1 bed","2 baths","828 sqft","Rent","Unfurnished","15th September 2026","Discover this generously sized 1-bedroom apartment on a high floor in Al Ain Tower, one of Abu Dhabi's most iconic residential addresses on Khalidiyah Street. Enjoy breathtaking dual views of the Abu Dhabi Corniche and the city skyline from your expansive private balcony — perfect for unwinding after a long day. 
Apartment Features:

1 Bedrooms Apartment
Good Size Living Hall
Master Bedroom
Big Size Kitchen
Balcony
Central Ac


Amenities:
Swimming Pool
Gym
Basement Parking
Kids Pool

Prime Location:
Steps from Abu Dhabi Corniche and beachMinutes from Khalidiyah Mall, Khalidiya ParkSurrounded by cafes, restaurants, and supermarkets
Available unfurnished. Flexible payment terms. Contact us today to arrange a viewing.","AmenitiesCentral A/C & HeatingConcierge ServiceBalconyPrivate Garden+20 MorePrivate JacuzziShared PoolShared SpaSecurityCovered ParkingDouble Glazed WindowsElectricity BackupFirst Aid Medical CenterService ElevatorsPrayer RoomIntercomKids Play AreaCCTV SecurityCafeteria or CanteenFacilities for DisabledStorage AreasBarbeque AreaLobby in BuildingWaste Disposal","20260000995709","104035-QE8SKU","20250000572772","Mohamed Elhlwany","","",""
"1789471928-22","https://abudhabi.dubizzle.com/en/property-for-rent/residential/","https://abudhabi.dubizzle.com/property-for-rent/residential/apartmentflat/2026/7/21/3600monthly-european-society-fully-furn-3-295414/","PRIVATE ENTRENCE BRAND NEW STUDIO !! EUROPEAN CONNUNITY !! GOOD KITCHEN INKCA","37,000","Yearly","Khalifa City, Abu Dhabi, UAE","Apartment","Studio","1 bath","600 sqft","Rent","Unfurnished","15th September 2026","Here We Are Offering! Brand Luxury Huge Studio Separate Kitchen Proper Bathtub Washroom Apartment With All Neat And Clean , Near Khalifa Market In Khalifa City A. .

Feature Of This Apartment!!!!
*Same As Per Picture.
*Ready To Move Apartment
*Separate Spacious Kitchen
*Proper Washroom
*Excellent Ceramic Finishing
*Big Window Air Ventilation.
*Neat And Clean Compound
*Water And Electricity Included
*Maintenance Will Be Free
*Security System 24/7 Hours
*Save Children Playing Area
*Bus Stop On At The Door
* Near Khalifa Market In KCA
* Near NMC Royal Hospital
Commission 5% for totally rent 
░N░O░T░E░
Same As Per Pictures.
No Viewing Charges.
We Guarantee Your Satisfaction.
In case we're busy and unable to answer your call, please send us text message
and we will get back to you as soon as possible.

For Viewing The Apartment Or More Information Please Call And WhatsApp# Show Number","AmenitiesCentral A/C & HeatingPrivate GardenSecurityCovered Parking+12 MoreDouble Glazed WindowsElectricity BackupFirst Aid Medical CenterBroadband InternetIntercomKids Play AreaMaintenance StaffCCTV SecurityCleaning ServicesBarbeque AreaWaste Disposal","20260000986486","FR7274","202502827198","Mohamed Anjum","","",""
"1789471931-23","https://abudhabi.dubizzle.com/en/property-for-rent/residential/","https://abudhabi.dubizzle.com/property-for-rent/residential/apartmentflat/2026/1/8/family-community-1bhk-separate-kitchen--3-159504/","Family Community 1bhk Separate Kitchen Proper Washroom Near Safeer Mall In KCA","56,000","Yearly","Khalifa City, Abu Dhabi, UAE","Apartment","1 bed","1 bath","1,000 sqft","Rent","Unfurnished","15th September 2026","Spacious 1BHK,, Sep/Kitchen, Bath
Apartment for rent in Khalifa City A Villas, Khalifa City A
Family Compound, Spacious 1 Bedroom Hall, Spacious Separate Kitchen, Built In Wardrobes, Proper Washroom, Car Parking Available, Close To Park, Market, etc. In Khalifa City A

**Following Features**

* Spacious 1 Bedroom Hall
* Family Community Compound
* Spacious Separate Kitchen
* Proper Stand Shower Bath
* Built In Wardrobes
* Big Sunny Windows
* Water, Electricity Included
* Maintenance Included
* Car Parking Available
* Security 24/7 Hours Available
* Close to Market, Family Park, Schools,
Mall, In Khalifa City A

We have all types of apartments in khalifa city a, Zayed city, Shakhbout City, Mbz, Riyad City

WATER,ELECTICITY,MAINTANENCE AND PARKING INCLUDED IN RENT

FOR MORE INFORMATION FEEL FREE TO CONTACT US: Show Number","AmenitiesCentral A/C & HeatingConcierge ServicePrivate GardenSecurity+9 MoreDouble Glazed WindowsElectricity BackupKids Play AreaMaintenance StaffCCTV SecurityStorage AreasCleaning ServicesWaste Disposal","20260000986490","107998-8EaBiR","202502827198","Mohamed Anjum","","",""
"1789471947-24","https://abudhabi.dubizzle.com/en/property-for-rent/residential/","https://abudhabi.dubizzle.com/property-for-rent/residential/apartmentflat/2026/1/15/european-community-luxury-separate-kitc-3-116373/","European Community Fully Furnished ( Monthly 3600) Luxury Separate Kitchen Proper Washroom On Prime Location In KCA","43,200","Yearly","Khalifa City, Abu Dhabi, UAE","Apartment","Studio","1 bath","600 sqft","Rent","Furnished","15th September 2026","BRAND FULLY FURNISHED STUDIO !! SEP KITCHEN !! PROPER WASHROOM !! IN KCA


 FEATURE OF THIS APARTMENT 
LUXURY STUDIO 
NICE FINISHING
BRAND NEW 
SEP KITCHEN 
MONTHLY 3800
READY TO MOVE 
PRIME LOCATION
PETS ARE ALLOWED 
WATER AND ELECTRICITY INCLUDING IN RENT 
MAINTENANCE WILL BE FREE 
NEAR TO MALL
NEAR TO BUS STATION 
INSIDE CAR PARKING 
FOR FURTHER INFORMATION DM -+ Show Number","AmenitiesCentral A/C & HeatingConcierge ServiceSecurityCovered Parking+8 MoreDouble Glazed WindowsElectricity BackupMaintenance StaffCCTV SecurityStorage AreasCleaning ServicesWaste Disposal","20260000986492","za/li/72","202502827198","Mohamed Anjum","","",""
"1789471951-25","https://abudhabi.dubizzle.com/en/property-for-rent/residential/","https://abudhabi.dubizzle.com/property-for-rent/residential/apartmentflat/2026/9/5/unfurnished-studio-apartment-with-balco-3-838485/","Unfurnished Studio Apartment With Basement Parking, Balcony & Amenities","65,000","Yearly","Masdar City, Abu Dhabi, UAE","Apartment","Studio","1 bath","550 sqft","Rent","Unfurnished","15th September 2026","Unfurnished Studio Apartment With Basement Parking, Balcony & Amenities In Masdar City , Abu Dhabi, UAE

Description: -

Studio Apartment
1 Bathroom
Built-In Cupboards 
Balcony
Basement Parking
Open Kitchen
Central AC
Gym
Pool
Full Ceramics
CCTV 24/7
Well Maintained Building
Security 24/7

Payment Detail: -

12 Month Contract
Rent: - AED 65,000/-
Installments: - 4 (Four)
Security Deposit: - 5% Of Annual Rent 
Commission (Agency Fee): - 5% Of Annual Rent + VAT

Book this Apartment by paying only 5% of reservation fee which will be adjusted in your first payment upon signing the tenancy contract! Book your apartment viewing via Call, WhatsApp or Email and get the best services and consultation in finding a home with our property consultant Mr. Moeen.

About us: 

Contact Number:-  Show Number
Email Address:- info@blingrealestate.com

Mr. Moeen has a strong local knowledge of the real estate market and feels that this is key in helping his tenants and landlords to make correct and informed decisions. He has a proven track record in delivering results in challenging environments whilst providing a reward-winning service to his clients. He has 3 years of Abu Dhabi Real Estate market experience which helps him to execute smooth transactions.

Bling Real Estate and Property Management is a real estate management and lease company based in Abu Dhabi. The company was established in 2023. However, the team has a combined experience in this market of over 10 years. Our areas of expertise include Residential Leasing, Building Management, Facilities Management and Building Cleaning Services. We cover all areas in Abu Dhabi City.","AmenitiesCentral A/C & HeatingConcierge ServiceBalconyPrivate Gym+15 MoreSecurityCovered ParkingPets AllowedDouble Glazed WindowsElectricity BackupFirst Aid Medical CenterBroadband InternetIntercomKids Play AreaMaintenance StaffCCTV SecurityCleaning ServicesLobby in BuildingWaste Disposal","20260001026190-1","MM-3894","","Krishia Lene Sibug Cosme","","",""
"1789471955-26","https://abudhabi.dubizzle.com/en/property-for-rent/residential/","https://abudhabi.dubizzle.com/property-for-rent/residential/apartmentflat/2026/9/10/3bhkmaids-prime-location-peaceful-livin-3-233918/","3BHK+M+Office | Prime Location | Peaceful Living","300,000","Yearly","Residences D, Yas Golf Collection, Yas Island, Abu Dhabi, UAE","Apartment","3 beds","3 baths","2,215 sqft","Rent","Furnished","15th September 2026","Experience elevated luxury living in this spacious 3-bedroom + maid’s room and office apartment located in Residence C, Yas Golf Collection – Yas Island. Positioned on a high floor, this home offers full golf course views, creating a serene and upscale lifestyle.
The apartment features a bright and expansive living and dining area with floor-to-ceiling windows that showcase stunning golf views and fill the space with natural light. The modern kitchen is fitted with premium cabinetry and sleek finishes, while the three generously sized bedrooms provide comfort and privacy, complemented by built-in wardrobes and stylish bathrooms. The study room adds flexibility for a home office, and the maid’s room enhances functionality for family living.
Designed for luxury, space, and convenience, this property is perfect for families and investors.
Property Features:


3 Spacious Bedrooms
Maid’s Room + Study Room
Bright Living and Dining Area
Modern Kitchen with Premium Finishes
Built-in Wardrobes
Stylish Bathrooms
Balcony with Scenic Views
Covered Parking

Community Amenities:

Swimming Pools
Fully Equipped Gym and Fitness Facilities
Wellness and Leisure Areas
Walking and Cycling Tracks
Landscaped Green Spaces
Retail and Dining Options
24/7 Security and Concierge Services

Location Highlights:

Located in Residence C, Yas Golf Collection – Yas Island
Close to Yas Links Golf Course, Yas Mall, and Yas Marina Circuit
Minutes from Yas Beach and Yas Bay Waterfront
Easy access to Abu Dhabi International Airport

This property offers an exceptional opportunity to enjoy luxury apartment living with panoramic golf views in one of Yas Island’s most prestigious communities, combining space, elegance, and a premium lifestyle.

MIRAGE CAPITAL PROPERTIES LLC.

We strive to understand our markets and our clients’ needs, going beyond simply connecting people to homes—we help them become part of thriving communities.","AmenitiesMaids RoomCentral A/C & HeatingBalconyPrivate Gym+10 MoreDouble Glazed WindowsDay Care CenterFirst Aid Medical CenterIntercomATM FacilityKids Play AreaCCTV SecurityStorage AreasBarbeque Area","20260001485603","20260001485603","cn-1180810","Laith Danoun","","",""
"1789471957-27","https://abudhabi.dubizzle.com/en/property-for-rent/residential/","https://abudhabi.dubizzle.com/property-for-rent/residential/apartmentflat/2026/7/10/upcoming-1-bedroom-city-and-marina-view-3-327424/","Ready to move in 1 bedroom | City and Marina Views","84,000","Yearly","Tala Tower, Marina Square, Al Reem Island, Abu Dhabi, UAE","Apartment","1 bed","1 bath","925 sqft","Rent","Unfurnished","15th September 2026","Discover your new home at Tala Tower, a stunning apartment nestled in the dynamic Marina Square of Al Reem Island, Abu Dhabi. This spacious 1-bedroom unit offers contemporary living combined with breathtaking views of the water, providing a serene retreat in the heart of the city.

Key Highlights:

- Modern living and dining lounge
- Well fitted open plan kitchen - no appliances included
- Spacious master bedroom with built-in wardrobes
- Powder room
- Stunning marina and city views
- An allocated car parking space
- Shared pool, children's pool, and state-of-the-art gym
- 24/7 maintenance and security

Step into a world of elegance with Tala Tower’s well-appointed interiors and thoughtful design. 
Enjoy an array of amenities that cater to every lifestyle, from a refreshing swim in the pool to invigorating workouts at the gym. The picturesque waterfront setting enhances the overall charm, perfect for end users.

Al Reem Island is a vibrant community, featuring a blend of residential, commercial, and leisure facilities. With its proximity to Abu Dhabi's key attractions, you’ll find endless opportunities for dining, shopping, and entertainment.

Contact us for further details.

Henry Wiltshire International - Multiple Award Winner - Most Outstanding Abu Dhabi Brokerage 2018 and 2019 & Best Quality Brokerage - Abu Dhabi Boutique 2021, 2022 and 2024. We are a fully licensed and compliant boutique estate agency in Abu Dhabi, with international offices in the UK, Ireland, Hong Kong and Singapore. We offer highly professional service from our experienced, knowledgeable agents - backed by our marketing, customer support, operations and administration teams.","AED80,000 Unfurnished | Balcony | Ready to Move | High FloorAl Reem Island, Abu Dhabi","202631000225753","AP20911L","20250000413948","Imran Khan","","",""
"1789471960-28","https://abudhabi.dubizzle.com/en/property-for-rent/residential/","https://abudhabi.dubizzle.com/property-for-rent/residential/apartmentflat/2026/9/12/astonishing-layout-maidbalcony-pool-gym-3-835264/","Astonishing Layout | Maid+Balcony | Pool & GYM | Basement Parking","100,000","Yearly","Al Khalidiyah, Abu Dhabi, UAE","Apartment","2 beds","3 baths","1,550 sqft","Rent","Unfurnished","15th September 2026","Sophisticated Haven In A Premium Lifestyle Enclave. 

Apartment Features:

Master Bedroom
Built in Wardrobes
Fully Integrated Kitchen
Great Sized Living Area
En Suite Bathrooms
Maid Room


Facilities: 

Basement Parking
Swimming Pool
Gymnasium
Lobby in the Building
24 Hours Concierge
CCTV Security
Double Glazed Windows
Electricity Backup
Centrally Air-Conditioned
Central Heating
Central Gas
Waste Disposal
Maintenance Staff

Nearby Amenities:

- Bank/ATM Facility
- Mosque
- Supermarkets
- Laundry Service
- Public Transport
- Restaurants and Coffee Shops
- Schools
- Shopping Mall
- Public Parks

PAYMENTS 

- Annual Rent: 100,000 AED 
- No. of Payments: 4

Contact us today to schedule a viewing or for more information about this exceptional residence","Map ViewAl Khalidiyah, Abu Dhabi, UAEShow Map","20260000972283","IK-100CK-2","","Faizan Khan Kamran Khan","","",""
"1789471963-29","https://abudhabi.dubizzle.com/en/property-for-rent/residential/","https://abudhabi.dubizzle.com/property-for-rent/residential/apartmentflat/2026/9/13/ready-to-move-flate-1-bedrooms-with-2-b-3-190981/","Ready To Move Flate 1 Bedrooms with 2 Bathroom Muroor Road Abu Dhabi","60,000","Yearly","Hamdan Street, Abu Dhabi, UAE","Apartment","1 bed","2 baths","1,000 sqft","Rent","Unfurnished","15th September 2026","Ready To Move Flate 1 Bedrooms with 2 Bathroom Muroor Road Abu Dhabi

Description: -

1 Bedrooms
2 Bathrooms
1 Spacious Saloon Separate
Closed Kitchen
Glossy Ceramics
Central AC
Central Gas
Easy Parking
Well Maintained Building
Professional Security 24/7
CCTV 24/7

12 Month Contract
Rent: - 60,000/-
Installments: - 4 (Four)
Security Deposit: - AED 2000/=
Contrect Charges 1100
Commission (Agency Fee): - 5% of Annual Rent + VAT

Book this Apartment by paying only 5% of reservation fee which will be adjusted in your first payment upon signing the tenancy contract! Book your apartment viewing via Call, WhatsApp or Email and get the best services and consultation in finding a home with our property consultant Mr. Yasir.


Contact: -

Mobile No: - View Contact Detail
Email: - Send e-mail
About us: -

Mr. Yasir has a strong local knowledge of the real estate market and feels that this is key in helping his tenants and landlords to make correct and informed decisions. He has a proven track record in delivering results in challenging environments whilst providing a reward-winning service to his clients. He has 5 years of Abu Dhabi Real Estate market experience which helps him to execute smooth transactions.

Real and Fai Property Management is a real estate management and lease company based in Abu Dhabi. The company was established in 2023. However, the team has a combined experience in this market of over 10 years. Our areas of expertise include Residential Leasing, Building Management, Facilities Management and Building Cleaning Services. We cover all areas in Abu Dhabi City.","AmenitiesCentral A/C & HeatingSecurityDouble Glazed WindowsElectricity Backup+8 MoreBroadband InternetIntercomMaintenance StaffCCTV SecurityCleaning ServicesLobby in BuildingWaste Disposal","20260000959251","RNF-0532","","Yasir Shakeel","","",""
"1789471968-30","https://abudhabi.dubizzle.com/en/property-for-rent/residential/","https://abudhabi.dubizzle.com/property-for-rent/residential/apartmentflat/2026/7/3/skyline-living-al-reem-island-view-low--3-229519/","Skyline Living. Al Reem Island view. Low floor.","84,999","Yearly","The Gate Tower 1, The Gate Tower, Shams Gate District, Shams Abu Dhabi, Al Reem Island, Abu Dhabi, UAE","Apartment","1 bed","1 bath","727 sqft","Rent","Unfurnished","15th September 2026","Welcome to The Gate Tower 1, a stunning apartment located in the vibrant sub-community of Shams Abu Dhabi on Al Reem Island. This exquisite 1-bedroom unit combines contemporary design with impressive amenities, offering a luxurious urban lifestyle with landmarks just at your fingertips.

Key Highlights:
- Spacious layout with 1 bedroom and 1 bathroom
- Built-up area of 727 sq.ft
- Features built-in kitchen appliances and wardrobes
- Spectacular views of the remarkable Abu Dhabi skyline
- Excellent amenities including a shared pool, spa, and gym
- Children's pool and play area for family-friendly living
- Covered parking and 24/7 security for peace of mind

This home features an open and inviting layout, accentuated by abundant natural light and luxury finishes. Enjoy the lifestyle of peaceful island living while remaining close to the heart of the city. The Gate Tower 1 is not just an apartment but a sanctuary for comfort and style, ideal for both end-users and savvy investors.

Contact Henry Wiltshire International today for more information or to schedule a viewing of this extraordinary property.

Henry Wiltshire International - Multiple Award Winner - Most Outstanding Abu Dhabi Brokerage 2018 and 2019 & Best Quality Brokerage - Abu Dhabi Boutique 2021, 2022 and 2024. We are a fully licensed and compliant boutique estate agency in Abu Dhabi, with international offices in the UK, Ireland, Hong Kong and Singapore. We offer highly professional service from our experienced, knowledgeable agents - backed by our marketing, customer support, operations and administration teams.","AED85,000 Mangrove View |Vacant 1BR+Balcony |Well MaintainedAl Reem Island, Abu Dhabi","202681000221166","AP20880L","20250000413948","Imran Khan","","",""
"1789471970-31","https://abudhabi.dubizzle.com/en/property-for-rent/residential/","https://abudhabi.dubizzle.com/property-for-rent/residential/apartmentflat/2026/2/25/huge-1brl-parkingl-partial-seaviewl-sup-3-675726/","Huge 1BRl Parking l Balcony l Partial Sea View","80,100","Yearly","Bloom Marina, Al Bateen, Abu Dhabi, UAE","Apartment","1 bed","1 bath","1,016 sqft","Rent","Unfurnished","15th September 2026","Modern and spacious apartment with bright rooms and sea view. Located in a tranquil community with stunning panoramic views and state of the art facilities in a great location.

Bloom Marina is a community offering upscale residences, executive serviced apartments, health clubs, hotel, cafes and restaurants. It is located in Marina Al Bateen, surrounded by the spectacular views of the Arabian Gulf in the heart of the city.

Bloom Marina with its expansive vistas towards both the water and downtown includes apartments that range from One Bedroom Residences to Four Bedroom Residences.

Features:
*A well-designed and luxurious apartment
*with bright rooms and stylish layout
*with built in wardrobes
*high quality finishing
*located in a tranquil community
*with stunning panoramic views
*state of the art facilities in a great location

Amenities :
24 Hour Secure Lobby
European Kitchen Cabinetry
Large size Flooring And Western Plumbing Fixtures,
Private Balconies
Outdoor Adult and Kids Pool , Open Gardens , Children's Playground
On-Site Retail ( Food And Beverage ) and General Outlets
Podium Level Prayer Rooms, Gyms, Changing Rooms, Sauna and Steam Rooms and Multi-Purpose Rooms.

Bloom’s subsidiary Emirates International Property Services (EIPS) specializes in establishing comprehensive A to Z services for customers, through leasing, property and facility management. Backed by the expertise of well-trained and experienced professionals, our services are designed to give complete peace of mind.

We take time to understand our customers’ individual requirements by offering fully personalized service for both tenants and landlords.","AmenitiesPrivate GymShared PoolSecurityKids Play AreaMaintenance Staff","20260001488558","1br-bm-e224","20260000776849","Bloom Collection Realty","","",""
"1789471973-32","https://abudhabi.dubizzle.com/en/property-for-rent/residential/","https://abudhabi.dubizzle.com/property-for-rent/residential/apartmentflat/2026/9/14/lavish-apartment-panoramic-views-store--3-165829/","Lavish Apartment | Panoramic Views | Store | Pool & GYM | Best Location","90,000","Yearly","Hamdan Street, Abu Dhabi, UAE","Apartment","2 beds","2 baths","1,450 sqft","Rent","Unfurnished","15th September 2026","Located along the bustling streets in Abu Dhabi, the residence is your stylized haven in the heart of it all. Walkable to the enviable social scene that awaits, minutes from hip eateries, retro theaters, and outdoor venues, one is never far from all the neighborhood has to offer. 

Apartment Features:

Master Bedroom
Fitted Wardrobes
Modernly Designed Kitchen
Great Sized Living Area
Stylish Bathrooms
Storage Area

Facilities: 

Swimming Pool
Gymnasium
Lobby in the Building
24 Hours Concierge
CCTV Security
Double Glazed Windows
Electricity Backup
Centrally Air-Conditioned
Central Heating
Waste Disposal
Maintenance Staff

Nearby Amenities:

- Bank/ATM Facility
- Mosque
- Supermarkets
- Laundry Service
- Public Transport
- Restaurants and Coffee Shops
- Schools
- Shopping Mall
- Public Parks

PAYMENTS 

- Annual Rent: 90,000 AED 
- No. of Payments:  4

Contact us today to schedule a viewing or for more information about this exceptional residence","Map ViewHamdan Street, Abu Dhabi, UAEShow Map","20250000733781-1","AH-90H-02","","Faizan Khan Kamran Khan","","",""
"1789471977-33","https://abudhabi.dubizzle.com/en/property-for-rent/residential/","https://abudhabi.dubizzle.com/property-for-rent/residential/apartmentflat/2026/9/12/spacious-3bhk-3-bathrooms-balcony-3-132168/","3BHK WITH BALCONY | HUGE LIVING ROOM | CENTRAL AC","90,000","Yearly","Hamdan Street, Abu Dhabi, UAE","Apartment","3 beds","3 baths","1,600 sqft","Rent","Unfurnished","15th September 2026","A spacious 3-bedroom apartment is available in a neat and clean Central AC building on Hamdan Street, near Capital Park, Abu Dhabi. The apartment offers generous living space, a balcony, bright rooms, and an open city view.

 Property Features:
• 3 Spacious Bedrooms
• 3 Full Bathrooms
• Huge Living Room with Sliding Windows 🪟
• Fully Fitted Kitchen
• Balcony
• Open City View
• Plenty of Natural Sunlight ☀️
• Central AC Building
• AC Free
• Maintenance Free
• Ready to Move In


Parking: No dedicated parking. Mawaqif parking is available nearby.

 Annual Rent: AED 90,000
 Payments: 4 Cheques

📞 Contact us today to arrange a viewing!","Map ViewHamdan Street, Abu Dhabi, UAEShow Map","20260001490677","104225-lqZsW9","202403546000","Zohaib Hassan","","",""
"1789471980-34","https://abudhabi.dubizzle.com/en/property-for-rent/residential/","https://abudhabi.dubizzle.com/property-for-rent/residential/apartmentflat/2026/9/4/spacious-4-br-apartment-with-premium-am-3-270547/","Spacious 4 BR Apartment With Premium Amenities","160,000","Yearly","Al Khalidiyah, Abu Dhabi, UAE","Apartment","4 beds","5 baths","2,800 sqft","Rent","Unfurnished","15th September 2026","Spacious 4 BR Apartment With Premium Amenities

Description: -

2 Master Bedrooms
2 Common Bedrooms
5 Bathrooms
1 Spacious Saloon
Balcony
Bright Sunlight
Built-in Wardrobes
Closed Kitchen
Washing Room
Each Room Has Individual AC Controller
Central Gas
Gym

12 Month Contract
Rent: - 160,000 AED/-
Installments: - 4 (Four) Payments
Security Deposit: - 5% of Annual Rent
Commission (Agency Fee):- 5% of Annual Rent + VAT

Book this Apartment by paying only 5% of reservation fee which will be adjusted in your first payment upon signing the tenancy contract! Book your apartment viewing via Call, WhatsApp or Email and get the best services and consultation in finding a home with our property consultant Mr. Kowsar.

About us: 

Contact Number:-  Show Number
Email Address:-info@blingrealestate.com

Mr. Kowsar has a strong local knowledge of the real estate market and feels that this is key in helping his tenants and landlords to make correct and informed decisions. He has a proven track record in delivering results in challenging environments whilst providing a reward-winning service to his clients. He has 3 years of Abu Dhabi Real Estate market experience which helps him to execute smooth transactions.

Bling Real Estate and Property Management is a real estate management and lease company based in Abu Dhabi. The company was established in 2023. However, the team has a combined experience in this market of over 10 years. Our areas of expertise include Residential Leasing, Building Management, Facilities Management and Building Cleaning Services. We cover all areas in Abu Dhabi City.","AmenitiesCentral A/C & HeatingConcierge ServiceBalconySecurity+13 MoreDouble Glazed WindowsElectricity BackupService ElevatorsBroadband InternetIntercomKids Play AreaMaintenance StaffCCTV SecurityFacilities for DisabledCleaning ServicesLobby in BuildingWaste Disposal","20260001488051-2","KM-3875","","Haris Abdul Shakoor Abbasi","","",""
"1789471983-35","https://abudhabi.dubizzle.com/en/property-for-rent/residential/","https://abudhabi.dubizzle.com/property-for-rent/residential/apartmentflat/2026/9/4/brand-new-1bhk-with-parking-gym-pool-3-538777/","Brand New 1BHK With Parking, Gym & Pool","75,000","Yearly","Tourist Club Area (TCA), Abu Dhabi, UAE","Apartment","1 bed","1 bath","800 sqft","Rent","Unfurnished","15th September 2026","Brand New 1BHK With Parking, Gym & Pool

Description:-

1 Bedroom
1 Bathroom 
Spacious Saloon
Closed Kitchen 
Central AC 
Basement Parking 
Gym
Pool
Fully Ceramics
Security 24/7

12 Month Contract
Rent:- AED 75,000/-
Installments:- 4 (Four)
Security Deposit:-5% Of Annual Rent
Admin Fee:- AED 1,260/-
Cheque Fee:- AED 105/- 
Commission (Agency Fee): - 5% Of Annual Rent + VAT

Book this Apartment by paying only 5% of reservation fee which will be adjusted in your first payment upon signing the tenancy contract! Book your apartment viewing via Call, WhatsApp or Email and get the best services and consultation in finding a home with our property consultant Mr. Ahsan.

About us: 

Contact Number:-  Show Number
Email Address:- ahsan@blingrealestate.com

Mr. Ahsan Shakeel has a strong local knowledge of the real estate market and feels that this is key in helping his tenants and landlords to make correct and informed decisions. He has a proven track record in delivering results in challenging environments whilst providing a reward-winning service to his clients. He has 3 years of Abu Dhabi Real Estate market experience which helps him to execute smooth transactions.

Bling Real Estate and Property Management is a real estate management and lease company based in Abu Dhabi. The company was established in 2023. However, the team has a combined experience in this market of over 10 years. Our areas of expertise include Residential Leasing, Building Management, Facilities Management and Building Cleaning Services. We cover all areas in Abu Dhabi City.","AmenitiesCentral A/C & HeatingConcierge ServicePrivate GymShared Pool+16 MoreCovered ParkingPets AllowedDouble Glazed WindowsElectricity BackupFirst Aid Medical CenterService ElevatorsBroadband InternetIntercomKids Play AreaMaintenance StaffCCTV SecurityFacilities for DisabledCleaning ServicesLobby in BuildingWaste Disposal","20250000660191-1","SM-3876","","Bling Real Estate And Property Management","","",""
"1789471986-36","https://abudhabi.dubizzle.com/en/property-for-rent/residential/","https://abudhabi.dubizzle.com/property-for-rent/residential/apartmentflat/2026/9/7/open-layout-modern-2br-apartment-vacant-3-317417/","Open Layout | Modern 2BR Apartment | Vacant","115,000","Yearly","The Bridges, Shams Abu Dhabi, Al Reem Island, Abu Dhabi, UAE","Apartment","2 beds","2 baths","1,012 sqft","Rent","Unfurnished","15th September 2026","Discover contemporary urban living in this modern 2-bedroom apartment at The Bridges, featuring an open and practical layout in a prime location. Vacant and ready to move in, this residence offers comfortable living spaces and access to excellent community facilities, making it ideal for families, professionals, or investors.

Property Features

Modern 2-bedroom apartment
Open and spacious layout
Vacant and ready to move in
Bright living and dining area
Modern kitchen
Built-in wardrobes
Well-appointed bedrooms
Contemporary finishes
Dedicated parking
Practical and family-friendly design

Community Amenities

Swimming pool
Fully equipped gym
Landscaped outdoor areas
Children’s play areas
Walking and leisure spaces
Residents’ facilities
24/7 security
Well-maintained common areas

Location Benefits

Prime location within The Bridges
Easy access to major roads
Close to shops, restaurants, and cafés
Near supermarkets and everyday conveniences
Convenient access to Reem Island’s key destinations
Excellent connectivity to Abu Dhabi city and surrounding areas

The Bridges offers modern community living with convenient access to essential amenities and key destinations. With its open layout, modern 2-bedroom design, vacant status, and prime location, this apartment is an excellent opportunity for comfortable living or investment.

Mirage Capital Properties LLC","AmenitiesCentral A/C & HeatingBalconyPrivate GymShared Pool+14 MoreCovered ParkingDouble Glazed WindowsDay Care CenterElectricity BackupFirst Aid Medical CenterService ElevatorsLaundry RoomIntercomKids Play AreaCCTV SecurityStorage AreasLobby in BuildingWaste Disposal","202612000247780","MCP-R-1965","20250000705067","Omar Abulakham","","",""
"1789471990-37","https://abudhabi.dubizzle.com/en/property-for-rent/residential/","https://abudhabi.dubizzle.com/property-for-rent/residential/apartmentflat/2026/9/12/spacious-2bhk-balcony-open-city-view-3-251685/","2BHK | OPEN VIEW | BALCONY | NEAR CAPITAL PARK","75,000","Yearly","Sheikh Khalifa Bin Zayed Street, Abu Dhabi, UAE","Apartment","2 beds","2 baths","1,300 sqft","Rent","Unfurnished","15th September 2026","A very spacious 2-bedroom apartment available in a neat and clean Central AC building on Hamdan Street, near Capital Park, Abu Dhabi. The apartment offers large bedrooms, a huge living room, balconies, and plenty of natural sunlight.

 Property Features:
• Spacious 2 Bedrooms
• 2 Full Bathrooms
• Large Bedrooms with Built-in Wardrobes
• Huge Living Room with Sliding Windows 🪟
• Fully Fitted Kitchen with Balcony
• Spacious Balcony
• Open City View
• Bright Rooms with Natural Sunlight ☀️
• Central AC Building
• AC Free
• Maintenance Free
• Ready to Move In

📍 Location: Hamdan Street, near Capital Park, Abu Dhabi

Parking: No dedicated parking. Mawaqif parking is available nearby and easily accessible.

Annual Rent: AED 75,000
Payments: 4 Cheques

📞 Contact us today to arrange a viewing!","Map ViewSheikh Khalifa Bin Zayed Street, Abu Dhabi, UAEShow Map","20260001490680","104225-CtOVfx","202403546000","Zohaib Hassan","","",""
"1789471994-38","https://abudhabi.dubizzle.com/en/property-for-rent/residential/","https://abudhabi.dubizzle.com/property-for-rent/residential/apartmentflat/2026/9/11/sea-view-duplex-exclusive-unit-4-paymen-3-175564/","Sea View | Duplex | Exclusive Unit | 4 Payments | Parking","120,000","Yearly","Corniche Area, Abu Dhabi, UAE","Apartment","3 beds","4 baths","2,100 sqft","Rent","Unfurnished","15th September 2026","Elegant 3+M with Big Balcony and Sea View Near Corniche, Abu Dhabi

Duplex Features – 3 Bedroom + Maids

- Three spacious bedrooms with built-in wardrobes
- Large living and dining areas
- Big private balcony
- Sea views
- Modern fitted kitchen with ample storage
- Multiple bathrooms with quality finishes
- Central air conditioning
- Parking 

Location & Building Highlights

- Walking distance to Corniche Beach and promenade
- Prime location near Corniche, Abu Dhabi
- Close to cafes, retail outlets, and leisure destinations
- Easy access to business districts and main roads
- 24/7 security and building management

Corniche, Abu Dhabi offers expansive living across two levels in one of the capital’s most desirable waterfront locations. Just a short walk to the Corniche promenade and beach, the property combines generous interiors, outdoor space, and premium city living.

ABOUT US: 

Capstone Real Estate is a real estate, facility, and property management company run by 15+ years of experienced veterans engaged in the development of properties throughout the Middle East. We offer our clients trust and a complete property experience. We offer our clients a full knowledge of property activities, including sales, leasing, property and facility management, and other off-plan developer projects. We also provide quality customer service throughout the tenancy period and maintain the property standards at all times.","AmenitiesMaids RoomCentral A/C & HeatingBalconySecurity+2 MoreLobby in Building","20260001499607","PM-CRNCH-3+M-DPLX-RT-8","202402725288","Muhammad Adnan Inayat","","",""
"1789471997-39","https://abudhabi.dubizzle.com/en/property-for-rent/residential/","https://abudhabi.dubizzle.com/new-projects/aldar/mandarine-oriental-the-residences-tower-1/","Mandarine Oriental The Residences Tower 1","","","","","","","","","","","Mandarine Oriental The Residences Tower 1 will offer luxurious homes designed by Danish studio BIG, situated next to the iconic Zayed National Museum on Saadiyat Island. The residences are strategically positioned to provide stunning views of the museum’s distinctive five wing-like towers. Developed by UAE-based Aldar and managed by the world-renowned Mandarin Oriental Hotels, the project sets a new benchmark for premium living with its exceptional design and unparalleled hospitality. As part of Saadiyat Island’s evolving cultural district, the development will be joined by architectural landmarks such as a performing arts center by Zaha Hadid Architects and a maritime museum by Tadao Ando, reinforcing the island’s reputation as a global cultural destination.","About Mandarine Oriental The Residences Tower 1 Mandarine Oriental The Residences Tower 1 will offer luxurious homes designed by Danish studio BIG, situated next to the iconic Zayed National Museum on Saadiyat Island. The residences are strategically positioned to provide stunning views of the museum’s distinctive five wing-like towers. Developed by UAE-based Aldar and managed by the world-renowned Mandarin Oriental Hotels, the project sets a new benchmark for premium living with its exceptional design and unparalleled hospitality. As part of Saadiyat Island’s evolving cultural district, the development will be joined by architectural landmarks such as a performing arts center by Zaha Hadid Architects and a maritime museum by Tadao Ando, reinforcing the island’s reputation as a global cultural destination.
 Read More","","","","","","",""
"1789472000-40","https://abudhabi.dubizzle.com/en/property-for-rent/residential/","https://abudhabi.dubizzle.com/property-for-rent/residential/apartmentflat/2026/9/12/3bhk-apartment-balcony-3-baths-3-622831/","3BHK APARTMENT | BALCONY | 3 BATHS","90,000","Yearly","Hamdan Street, Abu Dhabi, UAE","Apartment","3 beds","3 baths","1,600 sqft","Rent","Unfurnished","15th September 2026","Enjoy comfortable city living in this well-sized 3-bedroom apartment located on Hamdan Street, close to Capital Park. Featuring a large living hall, spacious bedrooms, balcony, and bright open views, this home is ready for immediate move-in.

Apartment Highlights:
• 3 Good-Sized Bedrooms
• 3 Full Bathrooms
• Very Spacious Living Hall
• Large Sliding Windows 🪟
• Fully Fitted Kitchen
• Balcony
• Open City View
• Excellent Natural Light ☀️
• Neat & Clean Central AC Building
• AC Included / Free
• Maintenance Free
• Ready to Move


Parking: No private parking available. Easy access to Mawaqif parking around the building.

💰 Rent: AED 90,000 per year
💳 Payment Terms: 4 Payments

📲 Contact us today for viewing and availability.","Map ViewHamdan Street, Abu Dhabi, UAEShow Map","20260001490677","104225-DjN01K","202503528436","Alyssa Mae Padua","","",""
"1789472004-41","https://abudhabi.dubizzle.com/en/property-for-rent/residential/","https://abudhabi.dubizzle.com/property-for-rent/residential/apartmentflat/2026/5/20/gorgeous-views-elegant-design-ready-for-3-117063/","Gorgeous Views | Elegant Design | Ready for you","200,000","Yearly","Soho Square, Saadiyat Island, Abu Dhabi, UAE","Apartment","3 beds","3 baths","1,531 sqft","Rent","Unfurnished","15th September 2026","Spacious 3 BDR IN THE HEART OF CULTURE | Soho Square, Saadiyat | Modern & Stylish | For Rent.


Discover urban luxury living at Soho Square, one of Saadiyat Island’s most desirable residential addresses.
Designed with inspiration from New York’s iconic Soho district, this contemporary community blends style, comfort and convenience in the heart of Abu Dhabi’s cultural and lifestyle hub.



**Unit Details :


-3 Bedroom.
- 3 Modern Bathroom.
-Spacious 1531 Sqft of intelligently designed living space.
-High ceilings .
-large windows creating a bright.
-Quality Flooring.
-landscaped surroundings.
-Efficient kitchen.


** Community Amenities:


- Direct Access to Saadiyat Beach .
- Curated Retail
-Dining – boutique shops, cafes, and restaurants within the square.
- Swimming Pools.
- Fitness
- Wellness Center.
- Landscaped Gardens.
- Family-Friendly Environment.
- community with play areas.
-24/7 security
- concierge services.
-Underground and dedicated parking.


** Prime Location – Saadiyat Island City:

-Walking distance to NYU Abu Dhabi Campus and Cranleigh School.
-Short drive to Abu Dhabi Global Market and Al Reem Island.
-Easy access to Yas Island attractions and Abu Dhabi International Airport.
--Steps from Cultural District – Louvre Abu Dhabi.




First Choice Properties is dedicated to generating opportunities for both commercial and residential real estate.
In the main freehold and investment zones in the United Arab Emirates and the world, our staff specializes in providing clients with the greatest solutions possible.","AmenitiesStudyCentral A/C & HeatingConcierge ServiceBalcony+22 MorePrivate GymPrivate JacuzziShared PoolShared SpaSecurityCovered ParkingDouble Glazed WindowsDay Care CenterFirst Aid Medical CenterService ElevatorsPrayer RoomLaundry RoomBroadband InternetIntercomKids Play AreaMaintenance StaffCCTV SecurityCafeteria or CanteenStorage AreasCleaning ServicesLobby in Building","20260001500951","FC-R-21668","","Roupa  Aburisha","","",""
"1789472008-42","https://abudhabi.dubizzle.com/en/property-for-rent/residential/","https://abudhabi.dubizzle.com/new-projects/modon/nawayef-east/","Nawayef East","","","","","","","","","","","Discover homes that redefine luxury, offering unparalleled privacy and a peaceful retreat from the fast pace of city life at Nawayef East. Located on Hudayriyat Island, Abu Dhabi, the project presents an exceptional living experience, where every detail is crafted for comfort and tranquillity. Nawayef East features a wide collection of beautifully designed villas - catering to the needs of large families seeking both elegance and serenity in their living spaces.

This exclusive community features top-tier amenities, including expansive play areas, a well-equipped gym, a clubhouse and a mosque. Residents can enjoy verdant parklands, tennis courts, swimming pools and jogging trails, creating the perfect environment for relaxation and recreation.","About Nawayef East Discover homes that redefine luxury, offering unparalleled privacy and a peaceful retreat from the fast pace of city life at Nawayef East. Located on Hudayriyat Island, Abu Dhabi, the project presents an exceptional living experience, where every detail is crafted for comfort and tranquillity. Nawayef East features a wide collection of beautifully designed villas - catering to the needs of large families seeking both elegance and serenity in their living spaces.

This exclusive community features top-tier amenities, including expansive play areas, a well-equipped gym, a clubhouse and a mosque. Residents can enjoy verdant parklands, tennis courts, swimming pools and jogging trails, creating the perfect environment for relaxation and recreation.Read More","","","","","","",""
"1789472012-43","https://abudhabi.dubizzle.com/en/property-for-rent/residential/","https://abudhabi.dubizzle.com/property-for-rent/residential/apartmentflat/2026/9/12/large-2bhk-apartment-2-bathrooms-balcon-3-287645/","LARGE 2BHK APARTMENT | 2 BATHROOMS | BALCONY","75,000","Yearly","Sheikh Khalifa Bin Zayed Street, Abu Dhabi, UAE","Apartment","2 beds","2 baths","1,300 sqft","Rent","Unfurnished","15th September 2026","Looking for a spacious and bright home in a central Abu Dhabi location? This well-sized 2BHK on Hamdan Street features a huge living area, large bedrooms, open views, and a fully fitted kitchen. Ready to move in now.

Apartment Details:
• 2 Spacious Bedrooms
• 2 Full Bathrooms
• Built-in Wardrobes
• Huge Living Hall with Large Sliding Windows 🪟
• Fully Fitted Kitchen
• Kitchen with Balcony
• Open City View
• Excellent Natural Light ☀️
• Neat & Clean Central AC Building
• AC Included / Free
• Maintenance Free
• Ready for Immediate Move-In


Parking: No private parking available. Convenient Mawaqif parking is available around the building.

 Rent: AED 75,000 per year
Payment Terms: 4 Payments

Get in touch with us today for viewing and availability.","Map ViewSheikh Khalifa Bin Zayed Street, Abu Dhabi, UAEShow Map","20260001490680","104225-kLKseU","202503528436","Alyssa Mae Padua","","",""
"1789472015-44","https://abudhabi.dubizzle.com/en/property-for-rent/residential/","https://abudhabi.dubizzle.com/property-for-rent/residential/apartmentflat/2026/9/13/saadiyat-views-high-floor-cultural-neig-3-313618/","Saadiyat Views | High Floor |Cultural Neighbor","100,000","Yearly","Soho Square, Saadiyat Island, Abu Dhabi, UAE","Apartment","1 bed","1 bath","854 sqft","Rent","Unfurnished","15th September 2026","Spacious 1 BDR IN THE HEART OF CULTURE | Soho Square, Saadiyat | Modern & Stylish | For Rent.


Discover urban luxury living at Soho Square, one of Saadiyat Island’s most desirable residential addresses.
Designed with inspiration from New York’s iconic Soho district, this contemporary community blends style, comfort and convenience in the heart of Abu Dhabi’s cultural and lifestyle hub.



**Unit Details :


-1 Bedroom.
- 1 Modern Bathroom.
-Spacious 854 Sqft
-High ceilings .
-large windows creating a bright.
-Quality Flooring.
-landscaped surroundings.
-Efficient kitchen.
- Saadiyat Views 



** Community Amenities:


- Direct Access to Saadiyat Beach .
- Curated Retail
- Swimming Pools.
- Fitness
- Wellness Center.
- Landscaped Gardens.
- Family-Friendly Environment.
- community with play areas.
-24/7 security
- concierge services.
-Underground parking.



** Prime Location – Saadiyat Island City:


-Walking distance to NYU Abu Dhabi Campus and Cranleigh School.
-Short drive to Abu Dhabi Global Market and Al Reem Island.
-Easy access to Yas Island attractions and Abu Dhabi International Airport.
--Steps from Cultural District – Louvre Abu Dhabi.




First Choice Properties is dedicated to generating opportunities for both commercial and residential real estate.
In the main freehold and investment zones in the United Arab Emirates and the world, our staff specializes in providing clients with the greatest solutions possible.","AmenitiesStudyCentral A/C & HeatingConcierge ServiceBalcony+24 MorePrivate GymPrivate JacuzziShared PoolSecurityCovered ParkingDouble Glazed WindowsDay Care CenterFirst Aid Medical CenterService ElevatorsPrayer RoomLaundry RoomBroadband InternetBusiness CenterIntercomKids Play AreaMaintenance StaffCCTV SecurityFacilities for DisabledStorage AreasCleaning ServicesBarbeque AreaLobby in BuildingWaste Disposal","20260001500938","FC-R-21938","","Rami Haidar","","",""
"1789472019-45","https://abudhabi.dubizzle.com/en/property-for-rent/residential/","https://abudhabi.dubizzle.com/new-projects/taraf/solea-building-a/","Solea Building A","","","","","","","","","","","Solea Residences Building A in Saadiyat Lagoons offers breathtaking 360-degree panoramic views, showcasing Saadiyat Island’s natural beauty from every angle. Perfectly positioned for easy access to the city's vibrant destinations while maintaining the serene charm of Saadiyat, Solea Building A is where energy and tranquillity coexist. Choose from spacious 1 to 4-bedroom residences, each designed to embrace the natural flow of light.At Solea Building A by Taraf, every space is illuminated by the sun, creating an atmosphere of warmth and wonder. The interiors are crafted to capture the beauty of natural light, with floor-to-ceiling windows that frame stunning views. Soft, neutral tones and high-quality materials blend comfort and sophistication, ensuring a peaceful and elegant ambience. Resort-style amenities include a sunlit pool, jacuzzi, kids’ pool, landscaped gardens and shaded courtyards. Active residents can enjoy a modern gym, sports courts and a jogging track, while social spaces like BBQ areas and outdoor lounges foster a vibrant community.","About Solea Building ASolea Residences Building A in Saadiyat Lagoons offers breathtaking 360-degree panoramic views, showcasing Saadiyat Island’s natural beauty from every angle. Perfectly positioned for easy access to the city's vibrant destinations while maintaining the serene charm of Saadiyat, Solea Building A is where energy and tranquillity coexist. Choose from spacious 1 to 4-bedroom residences, each designed to embrace the natural flow of light.At Solea Building A by Taraf, every space is illuminated by the sun, creating an atmosphere of warmth and wonder. The interiors are crafted to capture the beauty of natural light, with floor-to-ceiling windows that frame stunning views. Soft, neutral tones and high-quality materials blend comfort and sophistication, ensuring a peaceful and elegant ambience. Resort-style amenities include a sunlit pool, jacuzzi, kids’ pool, landscaped gardens and shaded courtyards. Active residents can enjoy a modern gym, sports courts and a jogging track, while social spaces like BBQ areas and outdoor lounges foster a vibrant community.Read More","","","","","","",""
"1789472029-46","https://abudhabi.dubizzle.com/en/property-for-rent/residential/","https://abudhabi.dubizzle.com/property-for-rent/residential/apartmentflat/2026/9/7/high-floor-bright-studio-prime-location-3-179418/","High Floor | Bright Studio | Prime Location","66,000","Yearly","The Gate Tower 2, The Gate Tower, Shams Gate District, Shams Abu Dhabi, Al Reem Island, Abu Dhabi, UAE","Apartment","Studio","1 bath","571 sqft","Rent","Unfurnished","15th September 2026","Discover contemporary city living in this well-designed studio apartment in Gate Tower, Al Reem Island. Offering a bright and practical layout, this home is ideal for professionals or investors looking for a property in one of Abu Dhabi’s most established residential communities.

Property Features:
•	Spacious studio layout
•	Bright living and sleeping area
•	Built-in wardrobes
•	Modern fitted kitchen
•	Well-appointed bathroom
•	Large windows with plenty of natural light
•	Quality finishes throughout

Community Amenities:
•	Swimming pools
•	Fully equipped gym
•	Children’s play areas
•	Sports and recreational facilities
•	Landscaped outdoor areas
•	24-hour security and concierge
•	Covered parking

Gate Tower is ideally located on Al Reem Island, offering easy access to Reem Mall, supermarkets, cafés, restaurants, schools, and other everyday conveniences, while Abu Dhabi city is only a short drive away.

Call Betterhomes to arrange a viewing.","AmenitiesCentral A/C & HeatingPrivate GymShared PoolSecurityLobby in Building","202622000255085","BH-R-292607","202601349016","Manqing Teng","","",""
"1789472032-47","https://abudhabi.dubizzle.com/en/property-for-rent/residential/","https://abudhabi.dubizzle.com/property-for-rent/residential/apartmentflat/2026/9/10/luxuriousamazing1bhksep-kitchen-and-bat-3-513931/","Luxurious|Amazing|1BHk|Sep-Kitchen and bathroom","54,000","Yearly","Khalifa City, Abu Dhabi, UAE","Apartment","1 bed","1 bath","1,200 sqft","Rent","Unfurnished","15th September 2026","Amazing modern One BHK Apartment in a beautifully designed interior villa . separate kitchen and modern bathroom. 

Nice Opportunity to have a good home. Apartments close to Khalifa market, forsan mall and NMC hospital. 

amazing very spacious living room,Kitchen and modern bathroom. 

Khalifa city A. 
Features;
Property details:-

* Free water and electricity 
* Free Parking 
* Free maintenance 
* 24/7 Security 
* spacious living room 
* separate kitchen 
* modern bathroom with shower box
* nice design with the windows
* Nice spot lights

Location and Nearby:

*Khalifa market 
* Forsan mall
* khalifa park
* Marriot hotel
* Gems American Academy 
* Al nubras
* Atms nearby
* yas island
* very close exit to dubai&abudhabi road 
* Bank and ATM facilities 
* 10 minutes drive from the airport
* safeer central mall
* Nmc Royal hospital
* Starbucks





Prices:47999/yearly



For more information","AmenitiesCentral A/C & HeatingPets AllowedDouble Glazed WindowsElectricity Backup+7 MoreIntercomKids Play AreaMaintenance StaffCleaning ServicesBarbeque AreaWaste Disposal","20260000969939","HR-Down","202500735751","Harshad Ahmed","","",""
"1789472036-48","https://abudhabi.dubizzle.com/en/property-for-rent/residential/","https://abudhabi.dubizzle.com/new-projects/aldar/alkaser/","Alkaser","","","","","","","","","","","Alkaser, developed by Aldar Properties, offers premium land plots tailored to meet the needs of commercial investors in Abu Dhabi. Strategically positioned at the north entrance of Yas Island, a coveted location in the UAE's capital, Alkaser presents an exceptional opportunity. The project features 10 plots designated for 6 to 10-storey buildings.

Alkaser provides two distinct variants of plots: 4 park-facing plots and 6 canal-front plots, each offering a unique perspective. Ranging in size from 38,126 to 43,368 square feet, these plots offer considerable space for development, making them an enticing prospect for investors looking to capitalise on Abu Dhabi's thriving commercial landscape.","About AlkaserAlkaser, developed by Aldar Properties, offers premium land plots tailored to meet the needs of commercial investors in Abu Dhabi. Strategically positioned at the north entrance of Yas Island, a coveted location in the UAE's capital, Alkaser presents an exceptional opportunity. The project features 10 plots designated for 6 to 10-storey buildings.

Alkaser provides two distinct variants of plots: 4 park-facing plots and 6 canal-front plots, each offering a unique perspective. Ranging in size from 38,126 to 43,368 square feet, these plots offer considerable space for development, making them an enticing prospect for investors looking to capitalise on Abu Dhabi's thriving commercial landscape.Read More","","","","","","",""
"1789472040-49","https://abudhabi.dubizzle.com/en/property-for-rent/residential/","https://abudhabi.dubizzle.com/property-for-rent/residential/apartmentflat/2026/8/26/partial-golf-furnished-ready-to-move-in-3-155615/","Partial Golf | Furnished | Ready to Move in","85,000","Yearly","Views F, Yas Golf Collection, Yas Island, Abu Dhabi, UAE","Apartment","Studio","1 bath","470 sqft","Rent","Furnished","15th September 2026","Betterhomes is proud to present this furnished studio apartment in Yas Golf Collection, Yas Island.

- Golf course view
- Furnished
- 470 sqft
- 1 bathroom
- 1 parking space
- Vacant and ready to occupy

This compact studio offers an excellent vantage point overlooking the championship golf course, with carefully curated furnishings and a functional layout perfect for professionals or golf enthusiasts seeking convenient accommodation on Yas Island. The mid-floor position ensures optimal views whilst maintaining privacy and tranquillity.

Yas Island is a vibrant mixed-use destination featuring world-class golf facilities, retail outlets, dining establishments, and modern residential communities, offering a sophisticated lifestyle with excellent amenities and entertainment options.

*Photos are used for the marketing purposes only*


Contact Betterhomes today to arrange your viewing.","AmenitiesCentral A/C & HeatingConcierge ServiceBalconyPrivate Gym+6 MoreSecurityCovered ParkingKids Play AreaStorage AreasLobby in Building","20260001477269","BH-R-291776","202401332449","Vanessa Cook","","",""
"1789472044-50","https://abudhabi.dubizzle.com/en/property-for-rent/residential/","https://abudhabi.dubizzle.com/property-for-rent/residential/apartmentflat/2026/9/4/astounding-3-bedrooms-with-2-basement-p-3-293213/","Astounding 3 Bedrooms With 2 Basement Parking, Balcony & Amenities","155,000","Yearly","Khalidiyah Street, Al Khalidiyah, Abu Dhabi, UAE","Apartment","3 beds","4 baths","1,689 sqft","Rent","Unfurnished","15th September 2026","Astounding 3 Bedrooms With 2 Basement Parking, Balcony & Amenities In Khalidiyah Street, Abu Dhabi, UAE

Description:

3 Bedrooms
4 Bathrooms
1 Spacious Saloon
2 Basement Parking
Balcony
Maid Room
Built-In Cupboards
Closed Kitchen
Fully Ceramic
Central AC
Central Gas
Gym
Pool
Sauna
Kids Playing Area
Well Maintained Building
Professional Security 24/7
CCTV 24/7

Payment Detail: -
12 Month Contract
Rent: - AED 155,000/-
Installments: -  3 (Three)
Security Deposit:- 1 Month Rental Value
Commission (Agency Fee):- 5% of Annual Rent +VAT

Book this Apartment by paying only 5% of reservation fee which will be adjusted in your first payment upon signing the tenancy contract! Book your apartment viewing via Call, WhatsApp or Email and get the best services and consultation in finding a home with our property consultant Mr. Saqlain.

About us: 

Contact Number:-  Show Number
Email Address:-info@blingrealestate.com

Mr. Saqlain has a strong local knowledge of the real estate market and feels that this is key in helping his tenants and landlords to make correct and informed decisions. He has a proven track record in delivering results in challenging environments whilst providing a reward-winning service to his clients. He has 3 years of Abu Dhabi Real Estate market experience which helps him to execute smooth transactions.

Bling Real Estate and Property Management is a real estate management and lease company based in Abu Dhabi. The company was established in 2023. However, the team has a combined experience in this market of over 10 years. Our areas of expertise include Residential Leasing, Building Management, Facilities Management and Building Cleaning Services. We cover all areas in Abu Dhabi City.","AmenitiesMaids RoomCentral A/C & HeatingConcierge ServiceBalcony+18 MoreShared PoolSecurityCovered ParkingPets AllowedDouble Glazed WindowsElectricity BackupFirst Aid Medical CenterService ElevatorsBroadband InternetIntercomKids Play AreaMaintenance StaffCCTV SecurityFacilities for DisabledCleaning ServicesLobby in BuildingWaste Disposal","20260001003460-1","SQ-3879","","Mohammad Umer","","",""
